slug,title,productId,collectionId,itemRecommender,offer_index,broadcaster,primary_genre,secondary_genre,genres,synopsis,image_url,image_url_logo,age_rating
flikken-maastricht,Flikken Maastricht,AT_2037214,series-anonymous-v0,fallback:C,0,AVROTROS,Serie,Spanning,"Serie,Spanning","Moord en doodslag, chantagepraktijken, verdwijningen en drugszaken vormen in het pittoreske Maastricht het decor van Flikken Maastricht.",https://assets-start.npo.nl/resources/2026/03/03/52d4b753-832c-4900-93a0-d8b0668e2d8a.jpg,https://assets-start.npo.nl/resources/2026/02/26/00be25bc-1154-46aa-b4b0-552e83c129e6.png,"{'ageRestriction': None, 'warnings': []}"
rust-en-vreugd,Rust en Vreugd,POW_05941226,series-anonymous-v0,fallback:C,1,MAX,Serie,Drama,"Serie,Drama","Emma (Annet Malherbe) neemt de kijker mee naar een schijnbaar idyllisch volkstuinencomplex, waar ze na het overlijden van haar man een onverwacht nieuw begin maakt. Ze raakt verwikkeld in een onverwac",https://assets-start.npo.nl/resources/2026/02/09/90127037-e09e-460f-a92f-0e501f0f033e.jpg,https://assets-start.npo.nl/resources/2026/02/10/d9f9b45c-3b1f-417f-b2ee-73a5635de6b0.png,"{'ageRestriction': None, 'warnings': []}"
generations,Generations,POW_05857895,series-anonymous-v0,fallback:C,2,NTR,Serie,Drama,"Serie,Drama","Als op haar zolder een dode baby wordt gevonden, bekent de 87-jarige Martha de moord op het kind. De familie is verbijsterd en kleindochter Rikke, die advocaat is, neemt de zaak op zich. Familiegeheim",https://assets-start.npo.nl/resources/2026/01/22/2cf904fb-16ff-44f7-9f0a-3df956cbed65.jpg,https://assets-start.npo.nl/resources/2026/01/20/769adc6e-a6e0-4aa9-a20e-3891b5cc35f7.png,"{'ageRestriction': None, 'warnings': []}"
deep-shit,Deep Shit,BV_101406917,series-anonymous-v0,fallback:C,3,BNNVARA,Serie,Komisch,"Serie,Komisch","Na een confronterende ontmoeting beseffen vinexvrouwen Veerle en Sara hoe verschrikkelijk ze zijn vastgeroest in hun eigen saaie levens. Terwijl ze thuis de schijn op moeten houden, draaien ze zichzel",https://assets-start.npo.nl/resources/2023/06/30/657d36cd-1f20-4ec0-b254-1853e7dbb84d.jpg,https://assets-start.npo.nl/resources/2025/02/28/e19fd356-09a5-4f17-a386-b7676eb93977.png,"{'ageRestriction': None, 'warnings': []}"
de-joodse-raad,De Joodse Raad,VPWON_1333879,series-anonymous-v0,fallback:C,4,EO,Serie,Drama,"Serie,Drama",Na de oprichting van de Joodse Raad zorgde dit in de Tweede Wereldoorlog door de bezetter opgerichte orgaan voor de communicatie met de Joodse gemeenschap. Voor welke dilemma's stond de Joodse Raad?,https://assets-start.npo.nl/resources/2024/03/09/4d613149-5a35-4c2a-b080-0dbf8eef6c80.jpg,https://assets-start.npo.nl/resources/2024/08/15/8337f042-b786-40a8-bdca-096668abc86d.png,"{'ageRestriction': None, 'warnings': []}"
badgast,Badgast,KN_1734055,series-anonymous-v0,fallback:C,5,KRO-NCRV,Serie,Drama,"Serie,Drama","Vince arriveert met zijn dochter Zoë op Terschelling voor wat een onschuldige vader-dochtervakantie lijkt. De zomer die hen dichter bij elkaar moest brengen, neemt een andere wending op Terschelling. ",https://assets-start.npo.nl/resources/2025/12/11/d06666c6-7143-4bcb-a933-63fd7ed04e1a.jpg,https://assets-start.npo.nl/resources/2025/11/28/19f20a6d-d09a-4c28-a56a-5f23ce6f7691.png,"{'ageRestriction': None, 'warnings': []}"
dag-nacht,Dag & nacht,AT_300005251,series-anonymous-v0,fallback:C,6,AVROTROS,Serie,Drama,"Serie,Drama",Het bevlogen team van de afdeling kindergeneeskunde staat dag en nacht klaar voor jonge patiënten met de meest uiteenlopende ziektebeelden en aandoeningen. Het werk van de kinderartsen en de rest van ,https://assets-start.npo.nl/resources/2025/04/26/832d8555-4bfe-454f-95d3-ea7de45b245b.jpg,https://assets-start.npo.nl/resources/2025/05/07/50a56fa5-8c90-41cc-a7fb-ac40c540c1bf.png,"{'ageRestriction': None, 'warnings': []}"
woeste-grond,Woeste Grond,AT_300013894,series-anonymous-v0,fallback:C,7,AVROTROS,Serie,Drama,"Serie,Drama",De drie generaties familie Ottink werken samen op één boerderij. Ieder heeft een ander toekomstbeeld voor hun dierbare melkveehouderij. Woeste Grond laat de emotionele en herkenbare dynamiek van een b,https://assets-start.npo.nl/resources/2025/07/30/8e515ef1-7f04-4948-adf5-2e198c600ff5.jpg,https://assets-start.npo.nl/resources/2025/01/21/b1ac4ca0-5e5d-4d24-9708-e22ce5298f66.png,"{'ageRestriction': None, 'warnings': []}"
alpha-00,ALPHA 00,VPWON_1360720,series-anonymous-v0,fallback:C,8,NTR,Serie,Drama,"Serie,Drama",Diana leidt een gespecialiseerd rechercheteam bij de meest urgente zaken. Vanuit het hypermoderne mobiele commandocentrum - de ALPHA 00 - coördineert het team ter plaatse complexe operaties.,https://assets-start.npo.nl/resources/2026/01/12/6bc2fa21-2e62-4466-97bf-4edf51a568b1.jpg,https://assets-start.npo.nl/resources/2026/01/12/fede3cb9-00de-49e5-bd14-e9dd200e86ab.png,"{'ageRestriction': None, 'warnings': []}"
nood,NOOD,BV_101406934,series-anonymous-v0,fallback:C,9,BNNVARA,Serie,Drama,"Serie,Drama","Vier centralisten van een alarmcentrale krijgen dagelijks te maken met telefoongesprekken die verre van alledaags zijn. Gesprekken die je nooit in je leven hoopt te hoeven voeren, maar voor hen aan de",https://assets-start.npo.nl/resources/2023/06/30/dd037ce7-daa1-437e-8191-77fb9d247a3c.jpg,https://assets-start.npo.nl/resources/2025/01/28/66c4a184-6638-48d7-bc96-40ef3a8a9a21.png,"{'ageRestriction': None, 'warnings': []}"
tropenjaren,Tropenjaren,BV_101407662,series-anonymous-v0,fallback:C,10,BNNVARA,Serie,Drama,"Serie,Drama","Tv-presentatrice Rosa en schrijver Jelle worstelen met het kersverse ouderschap, zichzelf en elkaar.",https://assets-start.npo.nl/resources/2024/10/07/6e4ef3eb-843e-4d92-b885-b30728cbbb81.jpg,https://assets-start.npo.nl/resources/2025/02/19/dfea2d38-3d80-4ea9-a51b-8a544b27ad1f.png,"{'ageRestriction': None, 'warnings': []}"
oogappels,Oogappels,BV_101389900,series-anonymous-v0,fallback:C,11,BNNVARA,Serie,Drama,"Serie,Drama",Over puberstress en ouderleed: vier volkomen verschillende gezinnen worstelen met de opvoeding van hun kinderen.,https://assets-start.npo.nl/resources/2025/09/22/f5f5ee7b-14da-453c-957e-9e0e37983fab.jpg,https://assets-start.npo.nl/resources/2024/08/22/15631dac-0862-415a-a63e-ffb6fd29328b.png,"{'ageRestriction': None, 'warnings': []}"
nieuw-zeer,Nieuw Zeer,VPWON_1304173,series-anonymous-v0,fallback:C,12,NTR,Serie,Komisch,"Serie,Komisch","Sketchserie over de hete hangijzers van nu, waar veel over gepraat en geschreeuwd wordt, maar te weinig om wordt gelachen.",https://assets-start.npo.nl/resources/2024/09/06/4491087c-8580-4560-bd6f-cd51e28c1974.jpg,https://assets-start.npo.nl/resources/2025/02/04/cc834074-bb66-4c66-90e8-1f19add958cd.png,"{'ageRestriction': None, 'warnings': []}"
elixer,Elixer,VPWON_1352116,series-anonymous-v0,fallback:C,13,BNNVARA,Serie,Drama,"Serie,Drama","Dramaserie over intriges, machtsstrijd en wanhoop in de wereld van big pharma.",https://assets-start.npo.nl/resources/2025/01/22/b1df81ae-4625-4214-9c24-efdbc6409465.jpg,https://assets-start.npo.nl/resources/2025/02/04/8883d37a-7497-4e91-a5e1-82807753009a.png,"{'ageRestriction': None, 'warnings': []}"
zuidas,Zuidas,BV_101386904,series-anonymous-v0,fallback:C,14,BNNVARA,Serie,Drama,"Serie,Drama","Zuidas duikt in de snelle wereld van de topadvocatuur. Advocaat worden op de prestigieuze Zuidas, daar dromen rechtenstudenten van. Een topsalaris, status, miljoenendeals en ongelimiteerd gin tonics d",https://assets-start.npo.nl/resources/2023/06/30/603be383-ccc2-442e-998a-61b8e00f98da.jpg,https://assets-start.npo.nl/resources/2025/02/28/108ea530-c7bf-4d95-ba29-9d47d480266b.png,"{'ageRestriction': None, 'warnings': []}"
bodem,BODEM,BV_101410727,series-anonymous-v0,fallback:C,15,BNNVARA,Serie,Drama,"Serie,Drama","In BODEM volgen we de destructieve Cat. Ze probeert grip te krijgen op haar leven. Maar met een groot verlies, een disfunctionele familie en oude gewoontes lijkt dat makkelijker gezegd dan gedaan. Kan",https://assets-start.npo.nl/resources/2025/10/03/b1bf5efc-d960-429e-a155-ccdd2e5a9351.jpg,https://assets-start.npo.nl/resources/2025/10/03/536654c3-a098-4fad-935b-69f29c6bcf50.png,"{'ageRestriction': None, 'warnings': []}"
anoniem,Anoniem,BV_101409641,series-anonymous-v0,fallback:C,16,BNNVARA,Serie,Drama,"Serie,Drama","Geschiedenisleraar Jurre en officier van justitie Sarah strijden ieder op hun eigen manier tegen de criminele wereld. Hoewel ze al jaren met elkaar getrouwd zijn, verbergen ze hun dubbelleven voor elk",https://assets-start.npo.nl/resources/2025/12/19/e413677f-9eee-41eb-afc5-32deb0814895.jpg,https://assets-start.npo.nl/resources/2026/01/08/3e1df386-e4df-45a8-8466-ea2957b02164.png,"{'ageRestriction': None, 'warnings': []}"
de-vuurwerkramp,De Vuurwerkramp,VPWON_1354577,series-anonymous-v0,fallback:C,17,EO,Serie,Drama,"Serie,Drama",Wat in mei van het jaar 2000 begon als een zonnige dag eindigde in een allesverwoestende ramp: een enorme explosie veegt een hele stadswijk van de kaart en verwoest daarmee in één klap het dagelijks l,https://assets-start.npo.nl/resources/2025/04/15/1b80e683-6616-4271-9bc2-87a7915aec9f.jpg,https://assets-start.npo.nl/resources/2025/04/28/09e76438-356a-41b9-91c7-4e7ef6abe70d.png,"{'ageRestriction': None, 'warnings': []}"
doodstil,Doodstil,KN_1717561,series-anonymous-v0,fallback:C,18,KRO-NCRV,Serie,Drama,"Serie,Drama","We kennen Luther in Penoza als keihard en loyaal tot op het bot, maar hoe is hij eigenlijk die meedogenloze killer geworden? Deze misdaadserie geeft antwoord op deze vraag.",https://assets-start.npo.nl/resources/2023/09/27/9fe05615-5c09-4698-8a7b-cc7411e6c414.jpg,https://assets-start.npo.nl/resources/2025/02/19/68af6374-da1a-4f83-8a58-c55984dd3ab2.png,"{'ageRestriction': None, 'warnings': []}"
de-toeslagenaffaire,De Toeslagenaffaire,BV_101411675,series-anonymous-v0,fallback:C,19,BNNVARA,Serie,Drama,"Serie,Drama","Het leven van Kysia, Rayan en hun jonge kinderen lijkt onbezorgd tot er een brief van de Dienst Toeslagen op hun mat valt. Plotseling zijn zij verdacht. Tegen politieke weerstand in onthullen een gedr",https://assets-start.npo.nl/resources/2024/10/14/e9cee3a6-d687-4fe1-bbe9-5891c54a076d.jpg,https://assets-start.npo.nl/resources/2024/10/30/f49849fd-5497-4818-b0f6-2c1e8f416104.png,"{'ageRestriction': None, 'warnings': []}"
de-verschrikkelijke-jaren-tachtig,De verschrikkelijke jaren tachtig,VPWON_1306578,series-anonymous-v0,fallback:C,20,VPRO,Serie,Drama,"Serie,Drama","Het negenjarige meisje Piet doet pogingen zich staande te houden binnen de absurde realiteit van een woongroep in de jaren tachtig. Als de kinderbescherming de kinderen uit huis dreigt te plaatsen, re",https://assets-start.npo.nl/resources/2023/06/30/73f7ef72-1947-4255-8118-c07179000033.jpg,https://assets-start.npo.nl/resources/2025/01/29/542efedc-6c7b-4467-a828-5ff0e4e07ca5.png,"{'ageRestriction': None, 'warnings': []}"
anne,ANNE+,BV_101390228,series-anonymous-v0,fallback:C,21,BNNVARA,Serie,Drama,"Serie,Drama",De lesbische twintiger Anne gaat op zichzelf wonen in Amsterdam. Tijdens het eerste weekend in haar nieuwe woning blikt ze terug op haar turbulente liefdesleven tijdens haar studententijd en denkt ze ,https://assets-start.npo.nl/resources/2023/06/30/b2942de1-dd0e-458f-ab28-a740e67a0d96.jpg,https://assets-start.npo.nl/resources/2025/02/19/71c0f83f-b058-4341-a656-1d86034d773d.png,"{'ageRestriction': None, 'warnings': []}"
hoogvliegers,Hoogvliegers,VPWON_1290574,series-anonymous-v0,fallback:C,22,EO,Serie,Drama,"Serie,Drama","Hoogvliegers vertelt het verhaal van Rutger (Josha Stradowski), Guus (Soy Kroon) en Leyla (Sinem Kavus); drie jonge mensen in opleiding tot vlieger bij de Koninklijke Luchtmacht. Tegen de achtergrond ",https://assets-start.npo.nl/resources/2023/06/30/c9b6dff8-acae-4628-8c65-1df5bee0d106.jpg,https://assets-start.npo.nl/resources/2025/05/15/7fb9a5b9-2f7d-4675-b194-1e08f092d10d.png,"{'ageRestriction': None, 'warnings': []}"
ik-val-niet-ik-dans,"Ik val niet, ik dans",KN_1724943,series-anonymous-v0,fallback:C,23,KRO-NCRV,Serie,Drama,"Serie,Drama","Op waarheid gebaseerde dramaserie over het levensverhaal van Emma, die op jonge leeftijd werd geconfronteerd met kanker en sindsdien vastbesloten is om alles uit het leven te halen.",https://assets-start.npo.nl/resources/2025/03/26/fb07919f-b489-4eb9-b088-a010bcd3be60.jpg,https://assets-start.npo.nl/resources/2025/03/26/c2b76cae-3186-41c7-9cf3-252f86380b09.png,"{'ageRestriction': None, 'warnings': []}"
dertigers,Dertigers,BV_101398209,series-anonymous-v0,fallback:C,24,BNNVARA,Serie,Drama,"Serie,Drama","De nieuwe vriendengroep worstelt met dertigersdilemma's: vragen over werk, de liefde en het krijgen van kinderen. Ze proberen elkaar door de uitdagingen van het leven heen te helpen. Maar er hangt een",https://assets-start.npo.nl/resources/2026/01/07/8e04f327-08e8-4c8b-81f8-5d7aa6bee8ce.jpg,https://assets-start.npo.nl/resources/2025/02/19/ea62dd8d-b941-4a0f-ad9a-536be44cce98.png,"{'ageRestriction': None, 'warnings': []}"
de-ring,De Ring,BV_101411680,series-anonymous-v0,fallback:C,25,BNNVARA,Serie,Drama,"Serie,Drama","Thrillerserie over liefde, leugens en seksuele chantage.",https://assets-start.npo.nl/resources/2024/07/26/ed3443af-3829-4e33-a952-c37356d87fb3.jpg,https://assets-start.npo.nl/resources/2024/08/22/c103f9e7-9844-4f78-a8ca-c17a6d167d31.png,"{'ageRestriction': None, 'warnings': []}"
buza,BuZa,BV_101406944,series-anonymous-v0,fallback:C,26,BNNVARA,Serie,Drama,"Serie,Drama","Minister Meinema van Buitenlandse Zaken moet elke dag beslissingen nemen, vaak over leven of dood. Maar zijn verhouding met de minister-president is moeizaam en de geopolitieke verhoudingen veranderen",https://assets-start.npo.nl/resources/2025/11/21/127b01d9-7c19-4d78-b17f-9a5562b39864.jpg,https://assets-start.npo.nl/resources/2025/01/29/81f460c8-1af2-440b-9b5f-9ee7fa0fc7e1.png,"{'ageRestriction': None, 'warnings': []}"
vakkenvullers,Vakkenvullers,POMS_S_AT_14663642,series-anonymous-v0,fallback:C,27,AVROTROS,Serie,Komisch,"Serie,Komisch","In Vakkenvullers volgen we de levens van de medewerkers van de Landsuper. In de Landsuper is iedereen gelijk, wordt keihard gewerkt, of in ieder geval gedaan alsof, brengt iedereen zijn eigen game en ",https://assets-start.npo.nl/resources/2023/06/30/8e4ef2c3-4dbe-4f3c-87b3-a0d684a0ac2a.jpg,https://assets-start.npo.nl/resources/2025/12/11/01f163ba-5133-4859-b819-5518802c8e7a.png,"{'ageRestriction': None, 'warnings': []}"
the-salisbury-poisonings,The Salisbury Poisonings,POW_05217834,series-anonymous-v0,fallback:C,28,KRO-NCRV,Serie,Drama,"Serie,Drama","In maart 2018 worden in het Britse Salisbury een voormalige Russische spion en zijn dochter vergiftigd. Er wordt groot alarm geslagen, en de politie en de volksgezondheidsdienst staan voor de schier o",https://assets-start.npo.nl/resources/2023/06/30/ccc97dd8-8649-4c40-a73e-a8a3d5fbd7f2.jpg,https://assets-start.npo.nl/resources/2026/03/19/a0d53224-26e3-43fe-9c3e-7415eac74a7e.png,"{'ageRestriction': None, 'warnings': []}"
fomo-show,FOMO Show,POMS_S_KN_16615376,series-anonymous-v0,fallback:C,29,KRO-NCRV,Serie,,Serie,"In de FOMO-Show gaan Daan Boom, Jasper Demollin en Tobias Camman samen op pad om te kijken welke activiteiten je echt niet mag missen en welke je aan je voorbij kan laten gaan. Alles om te voorkomen d",https://assets-start.npo.nl/resources/2025/07/09/1908bea9-5e06-4886-9501-965522cf1f0a.jpg,https://assets-start.npo.nl/resources/2025/07/10/c106d08c-20cc-4799-95ef-d7adb454246f.png,"{'ageRestriction': None, 'warnings': []}"
de-slimste-mens,De slimste mens,KN_1676719,trending-anonymous-v0,fallback:B,0,KRO-NCRV,Informatief,Spel/quiz,"Informatief,Spel/quiz","De kennisquiz met een knipoog, waarbij het niet alleen gaat om kennis en algemene ontwikkeling, maar ook om associatief denken. Met een gloednieuw duo: presentator Herman van der Zandt wordt bijgestaa",https://assets-start.npo.nl/resources/2025/04/24/71e67f93-ec01-4b5a-9f1a-1c92dd9d95c7.jpg,https://assets-start.npo.nl/resources/2024/08/22/e17c557f-9ecb-4cb7-9b57-bf47dca10421.png,"{'ageRestriction': None, 'warnings': []}"
het-verhaal-van-nederland-de-tweede-wereldoorlog,Het verhaal van Nederland - De Tweede Wereldoorlog,VPWON_1361718,trending-anonymous-v0,fallback:B,1,NTR,Informatief,Geschiedenis,"Informatief,Geschiedenis",Verteller Daan Schuurmans neemt de kijker mee terug naar de oorlogsjaren. Een tijd waarin onze vrijheid werd afgenomen en gewone mensen voor uitzonderlijke dilemma's kwamen te staan.,https://assets-start.npo.nl/resources/2026/03/16/1c211a4a-ba1f-472a-a07c-00568ba0781b.jpg,https://assets-start.npo.nl/resources/2026/03/19/270489ed-bcb3-4d42-a33f-ce3bc05857a5.png,"{'ageRestriction': None, 'warnings': []}"
dit-was-het-nieuws,Dit Was Het Nieuws,AT_2087409,trending-anonymous-v0,fallback:B,2,AVROTROS,Informatief,,Informatief,Het nieuws van afgelopen week wordt onder de satirische loep genomen.,https://assets-start.npo.nl/resources/2026/02/23/3092aad4-5f03-4801-9266-b75b62e373a7.jpg,https://assets-start.npo.nl/resources/2025/01/21/6493e559-8499-473f-9402-a5a1dfd67edf.png,"{'ageRestriction': None, 'warnings': []}"
een-vergetelijk-mooie-reis,Een vergetelijk mooie reis,POW_06004065,trending-anonymous-v0,fallback:B,3,MAX,Human Interest,,Human Interest,"Op vakantie maken we de mooiste herinneringen. Maar wat gebeurt er als die herinneringen vervagen door dementie? Paul de Leeuw reist mee met een groep bewoners van een woonzorgcentrum, hun families en",https://assets-start.npo.nl/resources/2026/03/23/94db6677-ab42-4a56-a9cd-1a94e19da29a.jpg,https://assets-start.npo.nl/resources/2026/03/12/38e06b41-bdcb-4be9-af46-32b014f187fe.png,"{'ageRestriction': None, 'warnings': []}"
klinkt-als-een-sekte,Klinkt als een sekte,VPWON_1357938,trending-anonymous-v0,fallback:B,4,EO,Human Interest,Religieus,"Human Interest,Religieus",Veel geïsoleerde gemeenschappen in Nederland bevinden zich onder de radar. Hoe ontstaan ze en hoe raken mensen erin verstrikt? Ervaringsdeskundige Israel van Dorsten gaat in gesprek met lotgenoten die,https://assets-start.npo.nl/resources/2026/03/06/0d162443-743b-408e-bdeb-04012480adc1.jpg,https://assets-start.npo.nl/resources/2026/03/06/950fca89-2563-417e-adc7-85adf0b940d2.png,"{'ageRestriction': None, 'warnings': []}"
binnenstebuiten,BinnensteBuiten,KN_1676732,trending-anonymous-v0,fallback:B,5,KRO-NCRV,Human Interest,Wonen/Tuin,"Human Interest,Wonen/Tuin","BinnensteBuiten trakteert je dagelijks op een flinke dosis inspiratie voor een lekker groen leven. Met aandacht voor eten, wonen en buiten zijn.",https://assets-start.npo.nl/resources/2025/11/10/2af71e94-a17c-4d53-b572-6be47c9a5c5a.jpg,https://assets-start.npo.nl/resources/2024/08/22/ad4c74f6-6986-4e92-b1ec-a3148c841cc1.png,"{'ageRestriction': None, 'warnings': []}"
per-seconde-wijzer,Per Seconde Wijzer,VARA_101377772,trending-anonymous-v0,fallback:B,6,BNNVARA,Informatief,Spel/quiz,"Informatief,Spel/quiz","Twee kandidaten testen hun kennis onder hoge druk in de verschillende categorieën. Hoe zullen zij hun jokers inzetten, hoeveel rondes zullen de spelers het volhouden en met welk bedrag gaan de spelers",https://assets-start.npo.nl/resources/2025/09/01/fbe0eecc-37e9-4e23-9a2a-6e841187d1ba.jpg,https://assets-start.npo.nl/resources/2024/08/30/2a95053b-ad55-46f3-9b37-210b6e5fc822.png,"{'ageRestriction': None, 'warnings': []}"
break-free,Break Free,BNN_101378777,trending-anonymous-v0,fallback:B,7,BNNVARA,Human Interest,Levenswijze,"Human Interest,Levenswijze",Indringende portretten van jonge mensen die uit de sleur van het dagelijks leven willen breken door op avontuur te gaan naar het buitenland maar helaas niet meer terugkwamen.,https://assets-start.npo.nl/resources/2026/02/25/320c6e0f-c4b2-4129-82d3-ecbf45b280a9.jpg,https://assets-start.npo.nl/resources/2026/02/26/c9021a47-5695-4898-817b-0f351241d3b7.png,"{'ageRestriction': None, 'warnings': []}"
zembla,Zembla,VARA_101377863,trending-anonymous-v0,fallback:B,8,BNNVARA,Informatief,Onderzoeksjournalistiek,"Informatief,Onderzoeksjournalistiek",Het langstlopende onafhankelijke onderzoeksjournalistieke programma van Nederland. Zembla controleert de machthebbers en legt misstanden bloot.,https://assets-start.npo.nl/resources/2025/04/16/75cf0051-61ae-4ac5-94de-dc5620a57e50.jpg,https://assets-start.npo.nl/resources/2025/02/19/6b8ae49c-d2ca-40b4-908d-ac54cc23f40e.png,"{'ageRestriction': None, 'warnings': []}"
first-dates,First Dates,BNN_101378960,trending-anonymous-v0,fallback:B,9,BNNVARA,Amusement,,Amusement,Het First Dates restaurant zit vol met singles op hun eerste afspraak. De kijker krijgt de kans om hun eerste en vaak ongemakkelijke gesprek te volgen.,https://assets-start.npo.nl/resources/2026/01/07/f8e9df5e-3022-46e9-b750-c147b480fe19.jpg,https://assets-start.npo.nl/resources/2024/08/30/367b31d4-c1a6-44c9-8a6b-b1c4c4af8aed.png,"{'ageRestriction': None, 'warnings': []}"
frontlinie,Frontlinie,VPWON_1319349,trending-anonymous-v0,fallback:B,11,VPRO,Informatief,Reportage,"Informatief,Reportage",Bram Vermeulen bericht op indringende wijze over ontwikkelingen uit de hele wereld. Hij duikt in de achtergrond van actuele verhalen en geeft context aan nieuws.,https://assets-start.npo.nl/resources/2024/01/20/c688aa22-f85c-4262-bad6-cb6e39c891b3.jpg,https://assets-start.npo.nl/resources/2025/02/24/0251b8dc-4cac-4383-bc9e-678c5dfbd816.png,"{'ageRestriction': None, 'warnings': []}"
cruijff,Cruijff,VPWON_1357778,trending-anonymous-v0,fallback:B,12,NTR,Documentaire,,Documentaire,"Documentaireserie waarin we een bijzonder kijkje krijgen in het hoofd van Nederlands grootste voetballer. Aan de hand van unieke audio-opnamen, gemaakt in de laatste dagen van zijn leven, én gesprekke",https://assets-start.npo.nl/resources/2026/03/16/344aa2d0-b152-48f9-8ffb-38605a5f8132.jpg,https://assets-start.npo.nl/resources/2026/03/16/c6b6e860-3328-41eb-b973-0cf9aff09947.png,"{'ageRestriction': None, 'warnings': []}"
holland-gate,Holland Gate,KN_1736442,trending-anonymous-v0,fallback:B,14,KRO-NCRV,Documentaire,Politiek,"Documentaire,Politiek",De chaos op het vliegveld van Kabul in 2021 vormt het startpunt van een vierdelige docudramaserie over de evacuatie uit Afghanistan. Persoonlijke verhalen van Afghanen worden verweven met perspectieve,https://assets-start.npo.nl/resources/2026/03/16/5214f5c3-9c4e-4807-801e-6eee8a7f0f8a.jpg,https://assets-start.npo.nl/resources/2026/02/26/698ff169-ab45-4bc5-840d-17cc87176086.png,"{'ageRestriction': None, 'warnings': []}"
taboes,Taboes,KN_1737024,trending-anonymous-v0,fallback:B,15,KRO-NCRV,Human Interest,,Human Interest,Wat gebeurt er als je eindelijk durft te praten over wat je jarenlang verborgen hield? Robbert Rodenburg geeft het woord aan mensen die open zijn over wat normaal verzwegen blijft.,https://assets-start.npo.nl/resources/2026/03/06/e2ad0df8-074f-46f0-bf5b-b1c7d4ff1803.jpg,https://assets-start.npo.nl/resources/2026/03/06/2f74376d-43d1-4af9-8c5d-f7c5eec9a98a.png,"{'ageRestriction': None, 'warnings': []}"
op-weg-naar-the-passion-2026,Op weg naar The Passion 2026,KN_1739089,trending-anonymous-v0,fallback:B,16,KRO-NCRV,Muziek,Evenement,"Muziek,Evenement","Anita Witzier neemt vanuit de regiekamer de kijkers mee in de voorbereidingen op het tv-evenement rond het lijdensverhaal van Jezus. We maken kennis met de karakters en de cast van dit jaar, we blikke",https://assets-start.npo.nl/resources/2026/02/26/344e7902-b7b2-4cd7-a835-370d581b2575.jpg,https://assets-start.npo.nl/resources/2026/02/26/429179b6-71a1-4a89-abad-f2b8cc2a87f9.png,"{'ageRestriction': None, 'warnings': []}"
eva,Eva,AT_300017436,trending-anonymous-v0,fallback:B,17,AVROTROS,Informatief,Nieuws/actualiteiten,"Informatief,Nieuws/actualiteiten","Schuif aan bij het gesprek van de dag met Eva Jinek. Met iedere dag de verhalen achter het nieuws, inspirerende gesprekken en verrassende liveoptredens.",https://assets-start.npo.nl/resources/2025/12/17/254d7898-5a07-4d2c-bc00-ae3bb7c3c0e1.jpg,https://assets-start.npo.nl/resources/2024/08/30/86c89c9c-ffe9-4cf4-bc4e-e10cd3f98107.png,"{'ageRestriction': None, 'warnings': []}"
ik-vertrek,Ik Vertrek,AT_2032968,trending-anonymous-v0,fallback:B,18,AVROTROS,Human Interest,Reality TV,"Human Interest,Reality TV","Serie reportages waarin Nederlanders hun geluk in het buitenland gaan beproeven. De voorbereidingen in Nederland, het emotionele afscheid van familie en vrienden en de eerste stappen in het land van b",https://assets-start.npo.nl/resources/2026/02/18/8c31e1a3-5c98-4e52-8247-2b215ef722e3.jpg,https://assets-start.npo.nl/resources/2025/02/19/ca51f85c-8ddf-461c-aa62-11880fd09448.png,"{'ageRestriction': None, 'warnings': []}"
keuringsdienst-van-waarde,Keuringsdienst van waarde,KN_1678993,trending-anonymous-v0,fallback:B,19,KRO-NCRV,Informatief,Consumenten informatie,"Informatief,Consumenten informatie",Klopt het wat fabrikanten claimen en wat ze ons in reclames verkopen? De verslaggevers van de Keuringsdienst nemen de telefoon ter hand en duiken in de wondere wereld van ons voedsel.,https://assets-start.npo.nl/resources/2025/12/23/36b85d2f-8d5c-4d16-b754-2578e7e54c80.jpg,https://assets-start.npo.nl/resources/2024/08/22/8abcd947-9710-4cd8-88e7-88e410b89592.png,"{'ageRestriction': None, 'warnings': []}"
noord-zuid-oost-west,Noord-Zuid-Oost-West,POW_05039552,trending-anonymous-v0,fallback:B,20,MAX,Informatief,,Informatief,"De etalage voor het beste van de regionale omroepen met de mooiste documentaires, achtergrondprogramma's en persoonlijke verhalen.",https://assets-start.npo.nl/resources/2023/09/28/f8ee9b90-0ee3-4532-b0c4-300b08721233.jpg,https://assets-start.npo.nl/resources/2025/02/03/383c034f-f388-4ffb-9385-d23c83e09464.png,"{'ageRestriction': None, 'warnings': []}"
de-kist,De Kist,VPWON_1260610,trending-anonymous-v0,fallback:B,21,EO,Human Interest,,Human Interest,"In het programma 'De Kist' gaat presentator Kefah Allush in gesprek met bekende Nederlanders over het leven en over de dood. Wat zijn kruispunten in hun leven, wat zijn gemiste kansen, wie willen ze n",https://assets-start.npo.nl/resources/2023/07/06/3cdb4c6c-92cb-48ee-9fcc-46c45f5eca0c.jpg,https://assets-start.npo.nl/resources/2025/02/06/44fd373b-fb21-4c12-b35f-95888a500319.png,"{'ageRestriction': None, 'warnings': []}"
de-kinderen-van-ruinerwold,De kinderen van Ruinerwold,BV_101404936,trending-anonymous-v0,fallback:B,22,BNNVARA,Documentaire,,Documentaire,"Ruinerwold wordt wereldnieuws als een verborgen boerderij wordt ontdekt, waar jarenlang een gezin in het geheim en ongeregistreerd leefde. De vier oudste kinderen doen eenmalig hun verhaal aan documen",https://assets-start.npo.nl/resources/2025/09/04/01f57785-af0d-4bb8-989b-6d0edd242081.jpg,https://assets-start.npo.nl/resources/2025/02/21/7969aaf6-acc3-421d-8b60-fe6f8a271359.png,"{'ageRestriction': None, 'warnings': []}"
yous-yay-in-het-wild,Yous & Yay in het wild,VPWON_1361852,trending-anonymous-v0,fallback:B,23,VPRO,Informatief,Kunst/cultuur,"Informatief,Kunst/cultuur","Yousef Gnaoui en Pepijn Lanen duiken in filmische avonturen in de rabbit holes van gasten die ze bewonderen. Dwars door alle genres, disciplines en cultuurhokjes heen verkennen ze hun inspiratie en dr",https://assets-start.npo.nl/resources/2026/03/11/36ff1338-f58e-47c9-87d2-fb0a0f0e27c9.jpg,https://assets-start.npo.nl/resources/2026/03/11/fc412df1-345e-4e09-ba58-18930b1d1245.png,"{'ageRestriction': None, 'warnings': []}"
wie-is-de-mol,Wie is de Mol?,AT_2051232,trending-anonymous-v0,fallback:B,24,AVROTROS,Amusement,Spel/quiz,"Amusement,Spel/quiz","Tien kandidaten proberen met opdrachten zoveel mogelijk geld te verdienen. Hiervoor is samenwerken en vertrouwen cruciaal, maar één van hen is de Mol. Ongemerkt zal hij de boel saboteren, zodat de win",https://assets-start.npo.nl/resources/2026/02/24/e70df394-945b-4559-b0e2-4da735a9708a.jpg,https://assets-start.npo.nl/resources/2025/07/30/ae7bf9c0-c062-4dd4-adc1-72c6dd22c324.png,"{'ageRestriction': None, 'warnings': []}"
meiden-die-rijden,Meiden die Rijden,POW_04931952,trending-anonymous-v0,fallback:B,25,PowNed,Human Interest,Reality TV,"Human Interest,Reality TV",We volgen 22 stoere chauffeuses die hun droom hebben waargemaakt en achter het stuur van grote vrachtwagens zitten. Van metaal en paarden tot buizen en gerooide bomen: niets is te gek. Ze rijden door ,https://assets-start.npo.nl/resources/2026/01/22/d691b927-e2fe-4e4d-9f00-157f48617655.jpg,https://assets-start.npo.nl/resources/2025/01/28/068132bc-5a91-4613-bdfe-ba38202250c9.png,"{'ageRestriction': None, 'warnings': []}"
dit-is-de-kwestie,Dit is de kwestie,VPWON_1339600,trending-anonymous-v0,fallback:B,26,EO,Informatief,,Informatief,"Joram Kaat, Hans van der Steeg en Rachel Rosier onderzoeken de actualiteit vanuit prikkelende morele dilemma's en ethische kwesties.",https://assets-start.npo.nl/resources/2026/01/15/9443a1d7-259a-4100-89fb-727c9dfc35c8.jpg,https://assets-start.npo.nl/resources/2025/02/24/52443bf5-b2b8-476a-8d48-d75576faceb2.png,"{'ageRestriction': None, 'warnings': []}"
dropout-resort,Dropout Resort,POW_06005416,trending-anonymous-v0,fallback:B,27,PowNed,Human Interest,Reality TV,"Human Interest,Reality TV","Geen diploma, geen werk en vastgelopen in hun leven. In deze realityserie krijgen tien jongeren een nieuwe kans. Een maand lang werken zij op een resort op Curaçao, waar verantwoordelijkheid, discipli",https://assets-start.npo.nl/resources/2026/01/26/569539e6-9881-4344-8d4c-57d4a9fc2446.jpg,https://assets-start.npo.nl/resources/2026/01/22/3c26fee8-1821-460c-b8eb-7a20aa38899c.png,"{'ageRestriction': None, 'warnings': []}"
f-35-onder-trumps-vleugels,F-35: Onder Trumps vleugels,VPWON_1371471,trending-anonymous-v0,fallback:B,28,VPRO,Informatief,Onderzoeksjournalistiek,"Informatief,Onderzoeksjournalistiek",Wat gebeurt er als de Amerikanen op een dag niet meer aan onze kant staan - kunnen we onze F35-gevechtsvliegtuigen dan nog wel gebruiken? Blijven die doen wat wij willen? Eric Arends blikt in de dried,https://assets-start.npo.nl/resources/2025/12/29/bdab3710-4fcc-45c3-ac64-7d60e95d08c4.jpg,https://assets-start.npo.nl/resources/2025/12/23/874c2be2-2fef-4d61-aa8c-3e2fcec35257.png,"{'ageRestriction': None, 'warnings': []}"
project-dans,Project Dans,VPWON_1350786,trending-anonymous-v0,fallback:B,29,NTR,Informatief,Kunst/cultuur,"Informatief,Kunst/cultuur","Danstalenten, variërend van gepassioneerde amateurs tot opkomende professionals, worden uitgedaagd om zich te bewijzen als de beste allround danser van Nederland.",https://assets-start.npo.nl/resources/2026/02/26/8ec3a578-068a-4201-93e2-54f4e310dae1.jpg,https://assets-start.npo.nl/resources/2025/02/27/fec8fe6a-95eb-4d8e-9fa8-7c81978ba93f.png,"{'ageRestriction': None, 'warnings': []}"
2-voor-12,2 voor 12,VARA_101377897,public-value-anonymous-v0,fallback:B,3,BNNVARA,Informatief,Spel/quiz,"Informatief,Spel/quiz",Kennisquiz onder leiding van Astrid Joosten waarin twee duo's het tegen elkaar opnemen in twaalf vragen. Wie heeft de meeste vragen goed en raadt het twaalfletterwoord?,https://assets-start.npo.nl/resources/2023/06/30/992991bf-9f96-455c-9466-f73c7e53837d.jpg,https://assets-start.npo.nl/resources/2024/08/22/2494855a-190b-4653-9293-9cf0deb0811e.png,"{'ageRestriction': None, 'warnings': []}"
niet-de-mol,Niet de Mol,AT_300010804,public-value-anonymous-v0,fallback:B,5,AVROTROS,Amusement,Spel/quiz,"Amusement,Spel/quiz",Presentator en oud-kandidaat Splinter Chabot gaat in gesprek met de kandidaten van Wie is de Mol? die het spel vroegtijdig moeten verlaten. De afvallers delen hoe het is om mee te doen aan het program,https://assets-start.npo.nl/resources/2024/01/06/226f175d-0267-4298-91a1-ed7d06145cae.jpg,https://assets-start.npo.nl/resources/2025/02/26/eb49b987-5238-42c9-84e4-47012c2c64db.png,"{'ageRestriction': None, 'warnings': []}"
joanna-lumley-reist-langs-de-donau,Joanna Lumley reist langs de Donau,VPWON_1367719,public-value-anonymous-v0,fallback:B,7,MAX,Human Interest,Reizen,"Human Interest,Reizen","Joanna Lumley reist van het Zwarte Woud tot aan de Zwarte Zee langs de Donau. Onderweg ontdekt ze adembenemende natuur, rijke culturen, bijzondere mensen en onverwachte verhalen",https://assets-start.npo.nl/resources/2026/02/26/af963884-b6bb-43ee-834a-d89ec74a4280.jpg,https://assets-start.npo.nl/resources/2026/03/05/2c17a75d-8710-473d-9e60-189dad6a33a1.png,"{'ageRestriction': None, 'warnings': []}"
npo-doc_1,NPO Doc,POMS_S_NPO_20243592,public-value-anonymous-v0,fallback:B,8,AVROTROS,Documentaire,,Documentaire,Alle documentaires van NPO Doc,https://assets-start.npo.nl/resources/2026/03/19/497cc0aa-a76f-45ea-ac6a-0acfb9b55931.jpg,https://assets-start.npo.nl/resources/2025/02/19/5ee7e53e-119b-42af-af6e-a8ec1165fb6a.png,"{'ageRestriction': None, 'warnings': []}"
mocronado-s,Mocronado's,POW_05667477,public-value-anonymous-v0,fallback:B,9,WNL,Human Interest,,Human Interest,"Vier Marokkaanse mannen blikken terug op hun leven en vertellen openhartig, met een lach en een traan, over hun reis van gastarbeider tot opa in Nederland. Stemmen en verhalen die je zelden hoort.",https://assets-start.npo.nl/resources/2025/08/25/d82fce7f-3f4e-465a-8fde-0b9e8997faff.jpg,https://assets-start.npo.nl/resources/2025/02/27/5a2a9349-e3ea-4784-a755-c20fea87447a.png,"{'ageRestriction': None, 'warnings': []}"
blauw-bloed,Blauw Bloed,VPWON_1257874,public-value-anonymous-v0,fallback:B,10,EO,Human Interest,,Human Interest,Royaltyprogramma met nieuws en achtergronden rond koninklijke families in binnen- en buitenland.,https://assets-start.npo.nl/resources/2026/02/26/6eb5f294-947c-4c1b-8a2c-f86c61c205b5.jpg,https://assets-start.npo.nl/resources/2026/02/24/c55deb67-764c-4290-b046-145559f2bd01.png,"{'ageRestriction': None, 'warnings': []}"
van-roosmalen-groenteman,Van Roosmalen & Groenteman,BV_101404473,public-value-anonymous-v0,fallback:B,12,BNNVARA,Informatief,,Informatief,"Gijs Groenteman en Marcel van Roosmalen geven hun scherpe, uitgesproken en vrolijke blik op de media. Samen met twee wisselende gasten nemen Gijs en Marcel de hoogte- en dieptepunten van de voorbije m",https://assets-start.npo.nl/resources/2024/08/05/8b03f2e8-0f33-4c8c-b694-8c754b844955.jpg,https://assets-start.npo.nl/resources/2025/03/11/b2c879bb-d41a-41b9-b623-c513dd8a874f.png,"{'ageRestriction': None, 'warnings': []}"
verward,Verward,BV_101410675,public-value-anonymous-v0,fallback:B,13,BNNVARA,Documentaire,Human Interest,"Documentaire,Human Interest","Documentaireserie over de complexiteit rondom verward gedrag. Jessica Villerius loopt mee met het arrestatieteam, wijkagenten en de crisisdienst. Ze spreekt met ooggetuigen en nabestaanden van slachto",https://assets-start.npo.nl/resources/2024/04/05/330212bf-055d-4384-b283-cf9abec68678.jpg,https://assets-start.npo.nl/resources/2025/01/29/d341cfc6-b37a-4f4f-8628-751f9e75c969.png,"{'ageRestriction': None, 'warnings': []}"
radar,Radar,AT_2046090,public-value-anonymous-v0,fallback:B,14,AVROTROS,Informatief,Consumenten informatie,"Informatief,Consumenten informatie","Multimediaal consumentenplatform met Antoinette Hertsenberg en Fons Hendriks dat misstanden signaleert en consumentenaangelegenheden onderzoekt, en probeert bedrijven en instanties te bewegen tot een ",https://assets-start.npo.nl/resources/2025/06/20/699159b5-e8a7-481c-bd1f-b9d154a90814.jpg,https://assets-start.npo.nl/resources/2025/01/27/a07bc781-9a4b-44ea-85e0-d2efe7f69f4c.png,"{'ageRestriction': None, 'warnings': []}"
vol-gas-door-de-modder,Vol gas door de modder,BV_101414239,public-value-anonymous-v0,fallback:B,15,BNNVARA,Human Interest,,Human Interest,"Internationaal viert de Nederlandse motorcross successen, maar lokaal staan de sport en crosscultuur onder druk. Motoren, modder en cc's vormen het hart van een wereld vol tradities en historie. Is de",https://assets-start.npo.nl/resources/2026/03/03/340b3750-c8f7-4ee4-8ee7-9f2442de7579.jpg,https://assets-start.npo.nl/resources/2026/02/26/e8fc981e-1d3b-4597-bbf0-d931d5b94587.png,"{'ageRestriction': None, 'warnings': []}"
fase-8-femicide,Fase 8: Femicide,BV_101413859,public-value-anonymous-v0,fallback:B,16,BNNVARA,Documentaire,Human Interest,"Documentaire,Human Interest","Documentairemakers Henk van der Aa en Jessica Villerius onderzoeken de nieuwste inzichten op het gebied van femicide. Slachtoffers, nabestaanden, maar ook daders delen hun kant van het verhaal en make",https://assets-start.npo.nl/resources/2026/01/05/07eaa36a-c0b2-437f-968f-a78bb64b4abd.jpg,https://assets-start.npo.nl/resources/2026/01/02/99f8b31d-99d7-4bc4-a922-0c276a5f95e8.png,"{'ageRestriction': None, 'warnings': []}"
boer-zoekt-vrouw,Boer zoekt vrouw,KN_1683530,public-value-anonymous-v0,fallback:B,18,KRO-NCRV,Human Interest,Liefde,"Human Interest,Liefde",Zes vrijgezelle boeren nemen je mee op hun zoektocht naar échte liefde!,https://assets-start.npo.nl/resources/2026/03/02/7d78a203-2d4a-425d-9027-f5ee17969b56.jpg,https://assets-start.npo.nl/resources/2024/08/22/4c4f10ba-7e28-4023-9ad6-d0d642cffe33.png,"{'ageRestriction': None, 'warnings': []}"
met-het-mes-op-tafel_1,Met het Mes op Tafel,POW_03108559,public-value-anonymous-v0,fallback:B,19,MAX,Informatief,Spel/quiz,"Informatief,Spel/quiz",In deze kennis- en blufquiz spelen de kandidaten een sluw vraag-en-antwoordspel.,https://assets-start.npo.nl/resources/2024/01/31/888218c8-6118-4fa2-bb9f-934ab5840583.jpg,https://assets-start.npo.nl/resources/2024/08/27/ed0fe153-5873-4f28-b311-b441796fa353.png,"{'ageRestriction': None, 'warnings': []}"
je-zal-het-maar-hebben,Je Zal Het Maar Hebben,BNN_101377987,public-value-anonymous-v0,fallback:B,22,BNNVARA,Informatief,Gezondheid/opvoeding,"Informatief,Gezondheid/opvoeding","In Paramaribo worden 25 jaar geleden Sheneeva en Chenelva geboren, een Siamese tweeling die met het achterhoofd is vergroeid en een bloedvat delen. Scheiding is onmogelijk, maar ze leven voluit en wer",https://assets-start.npo.nl/resources/2026/02/10/ab56c7e2-0f4b-4fda-8c2d-d29821ce8d09.jpg,https://assets-start.npo.nl/resources/2026/02/05/0122e20f-6413-4dce-ae7c-9b1c1eb5ae23.png,"{'ageRestriction': None, 'warnings': []}"
ik-mis-je_1,Ik mis je,VPWON_1266183,public-value-anonymous-v0,fallback:B,23,EO,Human Interest,,Human Interest,"Marleen Stelling en Arjan Lock praten op begraafplaatsen door heel Nederland met nabestaanden over het verlies van een dierbare. Hoe ga je verder, en wat biedt troost?",https://assets-start.npo.nl/resources/2024/11/14/005cc21f-4d13-4bfc-be3a-904df554d520.jpg,https://assets-start.npo.nl/resources/2026/02/24/048aea3f-6998-4127-a057-732b56aa770f.png,"{'ageRestriction': None, 'warnings': []}"
wakker-in-paraguay,Wakker in Paraguay,VPWON_1360980,public-value-anonymous-v0,fallback:B,24,VPRO,Human Interest,Levenswijze,"Human Interest,Levenswijze",Het aantal mensen dat een diep wantrouwen koestert tegen de Nederlandse overheid groeit. Deze serie volgt Nederlanders die ervan overtuigd zijn dat het in ons land helemaal misgaat en hun heil in het ,https://assets-start.npo.nl/resources/2026/01/05/4dd34564-5764-47bf-b35d-79be143e6084.jpg,https://assets-start.npo.nl/resources/2026/01/05/4ac15d2b-5cc5-4d2a-8d3d-32d8ca6f2d45.png,"{'ageRestriction': None, 'warnings': []}"
fukushima-een-kernramp-van-binnenuit,"Fukushima, een kernramp van binnenuit",VPWON_1370908,public-value-anonymous-v0,fallback:B,25,VPRO,Documentaire,Geschiedenis,"Documentaire,Geschiedenis","In maart 2011 wordt Japan getroffen door de krachtigste aardbeving in duizend jaar. Een torenhoge tsunami volgt en doorbreekt de tien meter hoge zeeweringen van de kerncentrale van Fukushima, wat een ",https://assets-start.npo.nl/resources/2026/03/05/b44f7f0b-b9d7-4f15-a275-b67cdf77d0e3.jpg,https://assets-start.npo.nl/resources/2026/03/10/d64cc26b-5049-4d64-9eff-9f33839e398c.png,"{'ageRestriction': None, 'warnings': []}"
de-verwondering,De verwondering,KN_1677181,public-value-anonymous-v0,fallback:B,26,KRO-NCRV,Human Interest,Levensbeschouwing,"Human Interest,Levensbeschouwing",Annemiek Schrijver ontmoet gasten uit verschillende religieuze tradities en maatschappelijke achtergronden. Zij neemt haar gasten mee de stilte van de zondag in om met hen te praten over hun inspirati,https://assets-start.npo.nl/resources/2025/04/29/563bb0f2-f716-4289-ac54-f88aa835e8e8.jpg,https://assets-start.npo.nl/resources/2024/08/22/f7c3dce7-3582-46d8-b48e-8d8ead50cd6b.png,"{'ageRestriction': None, 'warnings': []}"
een-schat-aan-shaffy,Een schat aan Shaffy,AT_300024809,public-value-anonymous-v0,fallback:B,27,AVROTROS,Documentaire,Muziek,"Documentaire,Muziek","De muzikale nalatenschap van Ramses Shaffy is groot. Naast het bekende repertoire heeft de chansonnier, schrijver, componist en acteur een indrukwekkende collectie cassettebandjes nagelaten. Chris Zeg",https://assets-start.npo.nl/resources/2026/03/05/230dc187-2b4b-477a-96f3-5ef0ed688d11.jpg,https://assets-start.npo.nl/resources/2026/02/20/0674b349-b913-4e70-ab80-0a5422d55493.png,"{'ageRestriction': None, 'warnings': []}"
de-geknipte-gast,De Geknipte Gast,BV_101397234,public-value-anonymous-v0,fallback:B,28,BNNVARA,Informatief,Interviewprogramma/hosted show,"Informatief,Interviewprogramma/hosted show","Interviewprogramma met Özcan Akyol, die in gesprek gaat met een gast terwijl die bij hem in de barbershop langskomt. Tussen de spiegels ontvouwt zich een openhartig gesprek over het werk en het privél",https://assets-start.npo.nl/resources/2026/01/07/487667dc-2495-4679-909c-378fd47ea2a7.jpg,https://assets-start.npo.nl/resources/2025/02/21/0ee3fbf8-1b48-463b-a6ba-bd9254965b6d.png,"{'ageRestriction': None, 'warnings': []}"
moltalk,MolTalk,AT_2048191,public-value-anonymous-v0,fallback:B,29,AVROTROS,Informatief,Spel/quiz,"Informatief,Spel/quiz","In de live-nabeschouwing van Wie is de Mol? bespreken Marlijn Weerdenburg en Splinter Chabot alle theorieën. Samen
met oud-deelnemers wordt er gediscussieerd over de opdrachten en verdachte acties. Oo",https://assets-start.npo.nl/resources/2026/03/10/9a100122-eee1-469a-a755-6301a1f6b5a1.jpg,https://assets-start.npo.nl/resources/2025/03/03/8d603911-578b-4964-92b2-24c2008ff77e.png,"{'ageRestriction': None, 'warnings': []}"
twee-kanten-van-een-geschiedenis,Twee kanten van één geschiedenis,POW_06005497,recent-free-v0,fallback:C,9,MAX,,,,"Op 21 maart 2026 is het 75 jaar geleden dat de eerste groep Molukse KNIL-militairen en hun gezinnen in Rotterdam aankwam. Wat tijdelijk leek, werd blijvend. Hun geschiedenis begon 350 jaar eerder.",https://assets-start.npo.nl/resources/2026/03/16/69cee698-b2da-46ed-98fb-96941e1181b4.jpg,https://assets-start.npo.nl/resources/2026/03/18/c81708e8-2e6a-4311-aed9-ae8300ba91c5.png,"{'ageRestriction': None, 'warnings': []}"
nos-nederland-kiest,NOS Nederland Kiest,NOSNLDKiest,recent-free-v0,fallback:C,10,NTR,Informatief,Nieuws/actualiteiten,"Informatief,Nieuws/actualiteiten",Alle uitzendingen van de NOS rond diverse politieke verkiezingen.,https://assets-start.npo.nl/resources/2026/03/11/ff4920d9-df61-42c4-9095-c9e8fcdfe988.jpg,https://assets-start.npo.nl/resources/2025/10/09/8f10b626-2205-4dbd-8c47-70ebee10dfb0.png,"{'ageRestriction': None, 'warnings': []}"
eus-boekenclub,Eus' Boekenclub,VPWON_1327842,recent-free-v0,fallback:C,11,NTR,Informatief,Kunst/cultuur,"Informatief,Kunst/cultuur","Presentator Özcan Akyol, ook wel bekend als Eus, stelt het boek én de lezer centraal.",https://assets-start.npo.nl/resources/2026/02/25/74c4075d-79b5-4e15-b860-5ef4380b982c.jpg,https://assets-start.npo.nl/resources/2026/02/04/dec1c1d9-d6ee-4611-bf1a-40c376d3b1a2.png,"{'ageRestriction': None, 'warnings': []}"
de-vrouwen-van,De vrouwen van ...,VPWON_1372735,recent-free-v0,fallback:C,13,EO,Informatief,Wetenschap,"Informatief,Wetenschap",Kefah Allush zoekt naar onafhankelijke vrouwen in gebieden waar je ze het minst zou verwachten. Vrouwen die soms in weerwil van een onderdrukkend paternalisme hun positie bevechten en innemen. Een zoe,https://assets-start.npo.nl/resources/2026/03/12/257830e3-553f-4ffe-aaa7-78968ea81f8c.jpg,https://assets-start.npo.nl/resources/2026/03/13/6143e960-2d13-406a-8aae-b6228a56f0ee.png,"{'ageRestriction': None, 'warnings': []}"
holi_1,Holi,POMS_S_NTR_15200263,recent-free-v0,fallback:C,18,NTR,Informatief,Religieus,"Informatief,Religieus","In het voorjaar vieren de hindoes het holifeest, ook wel Holi-Phagwa genoemd. Het is een combinatie van een lentefeest, een feest van de overwinning van het goede op het kwade en een nieuwjaarsfeest.",https://assets-start.npo.nl/resources/2023/09/27/98841388-4eb8-4e89-9ba5-39ac50488ced.jpg,,"{'ageRestriction': None, 'warnings': []}"
this-is-not-a-murder-mystery,This is not a murder mystery,POW_05835070,recent-free-v0,fallback:C,19,AVROTROS,Serie,Misdaad,"Serie,Misdaad","Een groep aanstormende surrealistische kunstenaars, onder wie René Magritte en Salvador Dalí, komt in 1936 in Engeland bijeen. Het gezelschap logeert op het landgoed van Lord James om daar een exposit",https://assets-start.npo.nl/resources/2026/01/22/02f1d5bb-9732-4683-93e5-7fb038329254.jpg,https://assets-start.npo.nl/resources/2026/01/12/5eb7b9bc-7dc3-4885-9f2c-c220f1831b19.png,"{'ageRestriction': None, 'warnings': []}"
stand-van-nederland-aangehaakt,Stand van Nederland: Aangehaakt,POW_05594166,recent-free-v0,fallback:C,22,WNL,Informatief,Onderzoeksjournalistiek,"Informatief,Onderzoeksjournalistiek",Sam Hagens en electoraal geograaf Josse de Voogd werpen aan de hand van één typische gemeente of regio een nieuw licht op grote actuele thema’s van Nederland.,https://assets-start.npo.nl/resources/2023/06/30/6fe4a572-782b-4f97-8d92-28f82941ec58.jpg,https://assets-start.npo.nl/resources/2025/04/03/16493186-ff29-4862-bc65-8c41af6831e6.png,"{'ageRestriction': None, 'warnings': []}"
wat-houdt-ons-tegen,Wat houdt ons tegen?,VPWON_1349034,recent-free-v0,fallback:C,24,HUMAN,Informatief,Onderzoeksjournalistiek,"Informatief,Onderzoeksjournalistiek","De grenzen van wat onze planeet aankan, komen in zicht. Het roer moet om, we moeten minder vliegen, minder vlees eten, minder verspillen en minder plastic gebruiken. Maar waarom gebeurt dit niet? Onde",https://assets-start.npo.nl/resources/2025/04/29/afec9778-ef25-417f-a207-bd9fcf8f9700.jpg,https://assets-start.npo.nl/resources/2025/04/29/13594944-bdbd-44a5-877a-a2701c036b13.png,"{'ageRestriction': None, 'warnings': []}"
de-verandering,De Verandering,VPWON_1257902,real-life-anonymous-v0,fallback:A,12,EO,Informatief,Religieus,"Informatief,Religieus",Mirjam Bouwman ontmoet mensen die een bijzondere verandering hebben meegemaakt en waarin het geloof een belangrijke rol speelt.,https://assets-start.npo.nl/resources/2025/05/13/54ca4ff6-81db-47af-acee-418bd931646d.jpg,https://assets-start.npo.nl/resources/2026/02/24/fb037ad4-95be-4ab9-b339-1276580ba5e0.png,"{'ageRestriction': None, 'warnings': []}"
spoorloos-sporen-van-een-spermabank,Spoorloos: sporen van een spermabank,KN_1735456,real-life-anonymous-v0,fallback:A,18,KRO-NCRV,Human Interest,,Human Interest,"Wat doet het met je als er met jouw zaad veel meer kinderen zijn geboren dan afgesproken? En hoe ga je ermee om als blijkt dat er bij jouw verwekking grote fouten zijn gemaakt? Spermadonoren, donorkin",https://assets-start.npo.nl/resources/2024/12/17/04ba0671-f08d-4c1c-a9ba-d5c4baf30c5f.jpg,https://assets-start.npo.nl/resources/2025/03/10/05199c57-b41b-414d-aead-5de515b2028b.png,"{'ageRestriction': None, 'warnings': []}"
joodse-wereld,De Joodse wereld,VPWON_1368555,real-life-anonymous-v0,fallback:A,19,EO,Human Interest,Levensbeschouwing,"Human Interest,Levensbeschouwing","Wat speelt er in de Joodse wereld? Hier delen we verhalen, zoals bijzondere documentaires of gesprekken die de Joodse wereld dichterbij brengen.",https://assets-start.npo.nl/resources/2025/09/18/5cd9546e-79f6-4b93-8426-2e3118647d6e.jpg,,"{'ageRestriction': None, 'warnings': []}"
fomo-chefs,FOMO Chefs,KN_1737885,real-life-anonymous-v0,fallback:A,20,KRO-NCRV,Human Interest,Levenswijze,"Human Interest,Levenswijze",Tobias Camman en Stijn van Vliet jagen in binnen- en buitenland op de belangrijkste ingrediënten achter de gerechten van Nederlands beste sterrenchefs. Lukt het ze deze te verzamelen en de chefs te ve,https://assets-start.npo.nl/resources/2025/12/12/d2a0640f-0e6e-40a4-9e49-7769297c93a5.jpg,https://assets-start.npo.nl/resources/2025/12/16/af28f2c6-8ffc-4e46-ace2-3b2bf3d57a4d.png,"{'ageRestriction': None, 'warnings': []}"
petrus-in-het-land,Petrus in het land,KN_1725626,real-life-anonymous-v0,fallback:A,21,KRO-NCRV,Human Interest,Religieus,"Human Interest,Religieus",Elke zaterdag opent een Protestantse kerk haar deuren voor ons. We maken kennis met lokale kerkgemeenschappen in Nederland.,https://assets-start.npo.nl/resources/2025/07/08/c02c9483-44f8-4aaf-90d4-6347d231be75.jpg,https://assets-start.npo.nl/resources/2025/03/10/9c331448-9844-4447-9ef6-a1263ff96be1.png,"{'ageRestriction': None, 'warnings': []}"
de-grannies-van-amsterdam,De Grannies van Amsterdam,POW_05934100,real-life-anonymous-v0,fallback:A,22,MAX,Human Interest,Reality TV,"Human Interest,Reality TV","De Grannies zijn terug! Na het verlies van hartsvriendin Jocelyn pakken de flamboyante en goedgebekte Grannies Joanita, Lorraine, Mug en Tonneke het leven weer op met flair, humor en wijsheid.",https://assets-start.npo.nl/resources/2025/12/02/26985e1b-a0ab-46e0-b995-16392317ec78.jpg,https://assets-start.npo.nl/resources/2025/11/28/578737f5-937b-4689-9225-deec58e1bc33.png,"{'ageRestriction': None, 'warnings': []}"
vier-handen-op-een-buik,Vier Handen Op Eén Buik,BNN_101377997,real-life-anonymous-v0,fallback:A,23,BNNVARA,Human Interest,Reality TV,"Human Interest,Reality TV","Jonge aanstaande moeders laten zien hoe zij zich voorbereiden op de komst van hun kindje. Ze worden stevig aangemoedigd door een bekende moeder, die hen bijstaat tijdens hun zwangerschap, de bevalling",https://assets-start.npo.nl/resources/2025/11/25/f6326582-bee7-4651-a3ea-a20f093441e8.jpg,https://assets-start.npo.nl/resources/2024/08/30/93b26847-9e04-42fa-906b-37f209a82800.png,"{'ageRestriction': None, 'warnings': []}"
nederland-zingt-op-zondag,Nederland Zingt op Zondag,VPWON_1257896,real-life-anonymous-v0,fallback:A,24,EO,Human Interest,,Human Interest,"Koor- en samenzang vanuit verschillende kerken in ons land, met liederen rond een wisselend weekthema en een verzoeklied.",https://assets-start.npo.nl/resources/2025/01/02/efae077c-c4db-4937-b6ff-c91dc854f7e8.jpg,https://assets-start.npo.nl/resources/2026/02/24/af21cac4-7d11-4577-9bff-62c18ad872ff.png,"{'ageRestriction': None, 'warnings': []}"
nog-een-keer-fit,Nog Eén Keer Fit,POW_05982817,real-life-anonymous-v0,fallback:A,25,PowNed,Human Interest,,Human Interest,"Ooit stonden ze aan de top van het voetbal. Nu hebben blessures en de vele kilo's hun sporen nagelaten. Wesley Sneijder, Wim Kieft en Royston Drenthe gaan keihard trainen en gezonder eten dan ooit. De",https://assets-start.npo.nl/resources/2026/01/09/ceca9dcb-ce75-411f-a13f-3f71921b05ad.jpg,https://assets-start.npo.nl/resources/2026/01/20/ea562077-a846-49ea-9ebd-f25c0b6ca439.png,"{'ageRestriction': None, 'warnings': []}"
het-mooiste-meisje-van-de-klas,Het Mooiste Meisje van de Klas,AT_2033752,real-life-anonymous-v0,fallback:A,26,AVROTROS,Human Interest,,Human Interest,Jaap Jongbloed gaat op zoek naar het verhaal achter het ooit aanbeden mooiste meisje uit de klas. Is haar schoonheid een garantie voor succes in het leven geweest of werd het juist als belemmering erv,https://assets-start.npo.nl/resources/2025/05/08/61cbd29c-cae2-43f3-a3e9-c85c68895d22.jpg,https://assets-start.npo.nl/resources/2025/01/22/05fd834e-affa-473d-b89d-02cd811a65e6.png,"{'ageRestriction': None, 'warnings': []}"
ik-vertrek-xl,Ik Vertrek XL,AT_300021119,real-life-anonymous-v0,fallback:A,27,AVROTROS,Human Interest,Reality TV,"Human Interest,Reality TV","Nederlanders die emigreren en een onderneming starten, worden gevolgd. In dit geval gaat het niet om een stel of een gezin, maar om een heel gezelschap dat een gedeelde droom heeft.",https://assets-start.npo.nl/resources/2025/12/29/701a5341-092d-48eb-87c2-5e22873465b1.jpg,https://assets-start.npo.nl/resources/2025/12/29/879ecb82-779b-42ac-81ac-7008811f002d.png,"{'ageRestriction': None, 'warnings': []}"
in-de-tbs,In de TBS,BV_101409851,real-life-anonymous-v0,fallback:A,28,BNNVARA,Documentaire,Human Interest,"Documentaire,Human Interest","Hans Faber loopt een jaar lang mee in een TBS-kliniek. De dood van zijn nichtje, Anne Faber, in 2017 leidde tot een keerpunt in de forensische zorg. Wat is er sindsdien veranderd? En wat speelt zich e",https://assets-start.npo.nl/resources/2023/09/28/718fed07-cdac-4db9-b623-7d5246e03b0a.jpg,https://assets-start.npo.nl/resources/2024/10/30/73135e5d-5b3a-4d83-b6b9-541f88918c88.png,"{'ageRestriction': None, 'warnings': []}"
eo-metterdaad,EO Metterdaad,VPWON_1262903,real-life-anonymous-v0,fallback:A,29,EO,Informatief,,Informatief,"EO Metterdaad geeft stem en steun aan mensen wereldwijd die leven in onrecht, nood en armoede.",https://assets-start.npo.nl/resources/2026/03/19/8de89e54-ac44-47d8-a0f0-55c0494fe5c1.jpg,https://assets-start.npo.nl/resources/2026/01/22/1938856f-312f-4ba1-9ae2-1c6923c8b156.png,"{'ageRestriction': None, 'warnings': []}"
noord-zuid,NOORD ZUID,KN_1682180,crime-anonymous-v0,fallback:C,1,KRO-NCRV,Serie,Spanning,"Serie,Spanning","Nederlandse misdaadserie over de Amsterdamse rechercheur Dana, gespeeld door Ariane Schluter, die haar achtergrond als psychologe inzet bij het oplossen van misdaden. Na haar scheiding van Wouter, met",https://assets-start.npo.nl/resources/2023/06/30/6e4fd2c9-36ee-4125-afb0-eb5d83039e4e.jpg,,"{'ageRestriction': None, 'warnings': []}"
fallen,Fallen,POW_05490240,crime-anonymous-v0,fallback:C,2,KRO-NCRV,Serie,Misdaad,"Serie,Misdaad","Na een tragisch voorval is Iris Broman verhuisd naar het kustplaatsje Ystad, waar ze leiding geeft aan het coldcaseteam van de politie.",https://assets-start.npo.nl/resources/2026/02/02/9b68421f-a873-4e3d-96f2-c64e9f75e390.jpg,https://assets-start.npo.nl/resources/2024/08/15/6c5cf7e8-158e-4c7f-b852-218104953f99.png,"{'ageRestriction': None, 'warnings': []}"
ridley,Ridley,POW_05129065,crime-anonymous-v0,fallback:C,3,KRO-NCRV,Serie,Detective,"Serie,Detective","Oud-inspecteur Alex Ridley staat zijn oude team bij als consultant. Zijn voormalige protegé, Carol Farman, kan zijn hulp goed gebruiken om moordzaken op te lossen.",https://assets-start.npo.nl/resources/2026/01/20/65ead529-d04f-4438-84f5-c6bcdfae378f.jpg,https://assets-start.npo.nl/resources/2024/08/15/86df865d-5efa-4ab9-9a65-f0d87df413a3.png,"{'ageRestriction': None, 'warnings': []}"
riphagen,Riphagen,VPWON_1268999,crime-anonymous-v0,fallback:C,4,VPRO,Serie,Spanning,"Serie,Spanning","Andries Riphagen is een bokser, zwarthandelaar en souteneur, maar vooral een fervent Jodenjager. Tijdens WO II wordt hij schatrijk met het opsporen, afpersen en verraden van Joodse onderduikers. Maar ",https://assets-start.npo.nl/resources/2023/06/30/c8e4ca69-3056-49c6-8ee8-e8eccdaf0e4e.jpg,https://assets-start.npo.nl/resources/2025/04/30/fe3a1eec-a4da-4ff3-ab46-4e44b0f60d80.png,"{'ageRestriction': None, 'warnings': []}"
sihame,Sihame,KN_1726894,crime-anonymous-v0,fallback:C,5,KRO-NCRV,Serie,Spanning,"Serie,Spanning","Een explosieve wraakthriller over online exposing, gewelddadig verzet en de prijs van gerechtigheid: hoe ver ga je als je alles verliest?",https://assets-start.npo.nl/resources/2025/10/16/c3be5e8b-21df-4a6d-80eb-4dc6b9022ad0.jpg,https://assets-start.npo.nl/resources/2025/01/29/b3604c13-9a73-4a60-88ff-c20cbedae14e.png,"{'ageRestriction': None, 'warnings': []}"
freddie-the-final-act,Freddie: The Final Act,POMS_S_NTR_16723210,documentaries-anonymous-v0,fallback:C,8,NTR,Documentaire,,Documentaire,Dertig jaar na het overlijden van Freddie Mercury (1946 - 1991) zijn de laatste jaren van zijn leven op ontroerende wijze vastgelegd in de documentaire Freddie - The Final Act. De maker besteedt veel ,https://assets-start.npo.nl/resources/2023/06/30/d6b69666-a0cb-496e-88ea-4b31e343a788.jpg,https://assets-start.npo.nl/resources/2026/01/02/2add99c0-6ac2-4b87-8251-69b47c43088b.png,"{'ageRestriction': None, 'warnings': []}"
advocaat-van-de-onderwereld,Advocaat van de onderwereld,VPWON_1371466,documentaries-series-v0,fallback:A,3,VPRO,Documentaire,Politiek,"Documentaire,Politiek",De Deense bedrijfsjuriste Amira Smajic werkte jaren in een wereld van misdaad en fraude. Nu opent ze haar consultancy bureau opnieuw met verborgen camera's. Zes maanden lang onthult ze een netwerk van,https://assets-start.npo.nl/resources/2026/01/02/c8fca44b-11ed-4457-937f-543b65ee4c8e.jpg,https://assets-start.npo.nl/resources/2026/01/06/fb1061de-fbc0-4516-8568-4a82e9848070.png,"{'ageRestriction': None, 'warnings': []}"
onze-man-in-teheran,Onze man in Teheran,VPWON_1269140,documentaries-series-v0,fallback:A,4,VPRO,Documentaire,Reizen,"Documentaire,Reizen","Thomas Erdbrink laat Iran zien zoals dat in nieuwsberichten zelden aan bod komt. Een land waar weinig mag, maar toch veel blijkt te kunnen. Het eerste seizoen won de Zilveren Nipkowschijf en een journ",https://assets-start.npo.nl/resources/2026/03/06/8c27845a-a590-4cde-9324-57bc8101a507.jpg,https://assets-start.npo.nl/resources/2026/03/06/4dad7437-deac-4307-9797-5476178772db.png,"{'ageRestriction': None, 'warnings': []}"
louis-theroux,Louis Theroux,POMS_S_VPRO_2468040,documentaries-series-v0,fallback:A,6,VPRO,Documentaire,,Documentaire,De Britse documentairemaker Louis Theroux ontmoet en interviewt mensen met afwijkende ideeën of in bijzondere situaties.,https://assets-start.npo.nl/resources/2023/06/30/28790af0-b45d-496b-9f63-41c1da34eaf5.jpg,https://assets-start.npo.nl/resources/2025/02/03/ec9815df-d94a-47d7-813a-2fa858f997fe.png,"{'ageRestriction': None, 'warnings': []}"
selma-op-mijn-manier,Selma: Op mijn manier,BV_101410340,documentaries-series-v0,fallback:A,7,BNNVARA,Documentaire,Human Interest,"Documentaire,Human Interest","Selma Omari, alleenstaande moeder en moderne moslima, zoekt balans tussen geloof, moederschap en carrière. Met kracht en kwetsbaarheid confronteert ze zichzelf, heelt ze oude wonden en ontdekt ze nieu",https://assets-start.npo.nl/resources/2024/11/21/3f809eb4-5081-47c3-ad72-ae74d6514530.jpg,https://assets-start.npo.nl/resources/2025/01/22/55152b63-3421-4938-85c8-04ffacc4d2b5.png,"{'ageRestriction': None, 'warnings': []}"
reizen-waes,Reizen Waes,VPWON_1261123,documentaries-series-v0,fallback:A,8,KRO-NCRV,Documentaire,Reizen,"Documentaire,Reizen","De Vlaamse avonturier Tom Waes doet bijzondere landen en plekken aan, op zoek naar inspirerende verhalen. Vaak reist hij naar bestemmingen die de gemiddelde toerist links laat liggen.",https://assets-start.npo.nl/resources/2025/09/04/2606b13f-20af-4f2b-ba63-6884c3a1e3f7.jpg,https://assets-start.npo.nl/resources/2025/09/15/4519efd5-bfa0-418a-9afa-c62d13184564.png,"{'ageRestriction': None, 'warnings': []}"
hoodfights,Hoodfights,POW_06004131,documentaries-series-v0,fallback:A,12,PowNed,Documentaire,,Documentaire,"Docuserie over illegale straatgevechten. Van MMA tot bare knuckle: Turbulentie, Wesje, Ali en de Hoevelaakse Hamer zoeken de confrontatie op in de openbare ruimte. Voor hen een essentiële uitlaatklep,",https://assets-start.npo.nl/resources/2025/12/16/b7111e81-1089-41f5-a2b2-57d2fb7ec939.jpg,https://assets-start.npo.nl/resources/2025/12/24/a21e8cb6-f824-47c2-ab7d-8b79cecbb4ad.png,"{'ageRestriction': None, 'warnings': []}"
kamp-waes,Kamp Waes,VPWON_1316298,documentaries-series-v0,fallback:A,13,AVROTROS,Documentaire,,Documentaire,Tom Waes volgt vijftien gewone burgers in het avontuur van hun leven. Wie van de geselecteerde mannen en vrouwen slaat zich door een loodzware week vol fysieke en mentale tests uit de opleiding van de,https://assets-start.npo.nl/resources/2025/12/24/3bb13005-3eed-4c17-ae2b-a65199f500b4.jpg,https://assets-start.npo.nl/resources/2025/12/24/96902f33-ff76-4ed2-889a-5d31b661d7d7.png,"{'ageRestriction': None, 'warnings': []}"
het-verhaal-van-tony-blair,Het verhaal van Tony Blair,VPWON_1371578,documentaries-series-v0,fallback:A,14,VPRO,Documentaire,Politiek,"Documentaire,Politiek","Tony Blair was een van de meest succesvolle én controversiële Britse premiers. De 3-delige serie vertelt via familie, bondgenoten en tegenstanders zijn persoonlijke verhaal: van razendsnelle opkomst t",https://assets-start.npo.nl/resources/2026/02/16/d3b9166f-115d-4024-aec3-ce5bcfc668bf.jpg,https://assets-start.npo.nl/resources/2026/02/16/87b7d1d7-a1d1-476b-83c2-e5acba2a1230.png,"{'ageRestriction': None, 'warnings': []}"
brieven-aan-hueting,Brieven aan Hueting,BV_101413175,documentaries-series-v0,fallback:A,15,BNNVARA,Documentaire,Human Interest,"Documentaire,Human Interest","Journalist Erik Dijkstra duikt in het brievenarchief rond Joop Huetings onthulling over Nederlandse oorlogsmisdaden in Indonesië. Hij onderzoekt de impact, het langdurige wegkijken en de strijd om erk",https://assets-start.npo.nl/resources/2025/12/11/d9f8619f-e39d-44ef-9f37-b039406fd9a0.jpg,https://assets-start.npo.nl/resources/2025/12/12/f50372a1-eb9f-4500-8aab-8c9861fc4c5e.png,"{'ageRestriction': None, 'warnings': []}"
onze-man-bij-de-taliban,Onze man bij de Taliban,VPWON_1339722,documentaries-series-v0,fallback:A,16,VPRO,Documentaire,Politiek,"Documentaire,Politiek","Als na het plotselinge vertrek van de Amerikanen en hun westerse bondgenoten, ook buitenlandse journalisten Afghanistan verlaten, gaat journalist Thomas Erdbrink juist voor een paar maanden naar Kabul",https://assets-start.npo.nl/resources/2023/06/30/9850afc6-398c-4fdd-b2c7-915b861ed93c.jpg,https://assets-start.npo.nl/resources/2025/02/26/65ff276a-b274-422b-b2fb-6808d2b7b33c.png,"{'ageRestriction': None, 'warnings': []}"
het-zaad-van-karbaat,Het zaad van Karbaat,VPWON_1324071,documentaries-series-v0,fallback:A,17,VPRO,Documentaire,Gezondheid/opvoeding,"Documentaire,Gezondheid/opvoeding",Wijlen vruchtbaarheidsarts Jan Karbaat insemineerde minstens 65 patiënten met eigen sperma. Hoe kon dit gebeuren en hoe gaan de betrokkenen om met deze genetische en emotionele erfenis? Een onderzoek ,https://assets-start.npo.nl/resources/2023/06/30/6bbc2ebe-96e0-47e5-9cc4-83199fb886a9.jpg,https://assets-start.npo.nl/resources/2026/03/13/fd922c98-f6c3-4a48-8542-8b3cace13b8a.png,"{'ageRestriction': None, 'warnings': []}"
ruben-langs-de-zuid-chinese-zee,Ruben langs de Zuid-Chinese Zee,VPWON_1356375,documentaries-series-v0,fallback:A,19,VPRO,Documentaire,,Documentaire,"Ruben Terlou keert terug naar China en de landen rond de Zuid-Chinese Zee, het knooppunt van misschien wel 's werelds belangrijkste handelsroute en het toneel van snel oplopende spanningen. Hij onderz",https://assets-start.npo.nl/resources/2026/01/08/4595c287-0d11-409b-9063-19925251a624.jpg,https://assets-start.npo.nl/resources/2026/01/08/e99fc3ac-436e-42a2-becb-d90a70335aad.png,"{'ageRestriction': None, 'warnings': []}"
echo-s-van-sobibor,Echo's van Sobibor,BV_101413490,documentaries-series-v0,fallback:A,20,BNNVARA,Informatief,Geschiedenis,"Informatief,Geschiedenis","Documentaireserie over kamp Sobibor, de opstand die daar plaatsvond, de overlevers en over hun kinderen én kleinkinderen die de gevolgen nog altijd meedragen.",https://assets-start.npo.nl/resources/2026/01/07/93647235-875b-4356-8aa0-7629a06c7572.jpg,https://assets-start.npo.nl/resources/2025/12/26/9bd55805-9c52-42d3-919b-0e622992786c.png,"{'ageRestriction': None, 'warnings': []}"
konvooi,Konvooi,VPWON_1367274,documentaries-series-v0,fallback:A,21,HUMAN,Documentaire,,Documentaire,"Wat betekent solidariteit in tijden van oorlog? Terwijl de oorlog in Oekraïne voortwoedt, reizen Tommy Wieringa en Jaap Scholten met een konvooi terreinwagens met hulpgoederen en een groep vrijwillige",https://assets-start.npo.nl/resources/2025/12/15/8e1aac3f-fc15-484d-afea-0020eeed02a5.jpg,https://assets-start.npo.nl/resources/2025/12/15/00cd9875-4093-4dd0-b535-d0909d454c5e.png,"{'ageRestriction': None, 'warnings': []}"
opgroeien-met-tegenwind,Opgroeien met tegenwind,BV_101412986,documentaries-series-v0,fallback:A,22,BNNVARA,Human Interest,Familie,"Human Interest,Familie","In Nederland groeien meer dan honderdduizend kinderen op, rond de armoedegrens. Vaak gebeurt dit onopgemerkt, achter de voordeur of in de klas zonder dat iemand het weet. De kinderen doen hun best om ",https://assets-start.npo.nl/resources/2025/12/02/24a867f5-78f4-42bd-8576-8dd6cde7d2d2.jpg,https://assets-start.npo.nl/resources/2025/12/08/968c525b-9857-43ba-b955-628048bf6b62.png,"{'ageRestriction': None, 'warnings': []}"
app-me-als-je-thuis-bent,App me als je thuis bent,KN_1735716,documentaries-series-v0,fallback:A,23,KRO-NCRV,Documentaire,Human Interest,"Documentaire,Human Interest",In deze pijnlijk actuele documentaireserie doorbreken vrouwen het zwijgen over de impact van seksueel geweld op straat. Zedenzaken uit verleden en heden onthullen hoe diep de levens van vrouwen zijn g,https://assets-start.npo.nl/resources/2025/11/27/63b8b1ec-d4dd-461a-b49e-cac73abe94c8.jpg,https://assets-start.npo.nl/resources/2025/11/25/4c084246-8d3f-4204-8c21-b973c6a72d01.png,"{'ageRestriction': None, 'warnings': []}"
planeet-musk,Planeet Musk,VPWON_1365852,documentaries-series-v0,fallback:A,24,HUMAN,Documentaire,,Documentaire,"In het hoofd van Elon Musk woedt een wilde storm. Maar het is geen fijne storm, zegt hij zelf. Wie is Musk werkelijk? Is hij een visionair - waar velen in geloven - of een uit de bocht gevlogen rijkel",https://assets-start.npo.nl/resources/2025/11/10/d9947ef8-4510-45d7-9392-bc5055a454cd.jpg,https://assets-start.npo.nl/resources/2025/11/18/34538a76-df38-499c-b0f1-398e4e219566.png,"{'ageRestriction': None, 'warnings': []}"
glasland,Glasland,VPWON_1364879,documentaries-series-v0,fallback:A,25,HUMAN,Documentaire,,Documentaire,"In het Westland is glastuinbouw een trots, maar de sector staat steeds vaker ter discussie. Schaalvergroting, klimaatverandering en arbeidsmigratie zetten de sector onder druk. Ondernemers heroverwege",https://assets-start.npo.nl/resources/2025/12/15/1eb998fb-6121-4c16-b241-6a9ce01b66c0.jpg,https://assets-start.npo.nl/resources/2025/12/16/4fecfb03-6928-4e2d-b99e-241bfe52c84c.png,"{'ageRestriction': None, 'warnings': []}"
seven-worlds-one-planet,"Seven Worlds, One Planet",POW_04444040,documentaries-series-v0,fallback:A,26,EO,Documentaire,Natuur,"Documentaire,Natuur",Bijzondere dierenverhalen en onontdekte wildernissen op de zeven unieke continenten.,https://assets-start.npo.nl/resources/2025/11/13/9bac9aed-3728-4dfb-85d8-23a7c6b655dd.jpg,https://assets-start.npo.nl/resources/2025/11/13/def33147-cfc7-45db-bd3a-7f631c09306b.png,"{'ageRestriction': None, 'warnings': []}"
ruben-en-de-verborgen-strijd-van-myanmar,Ruben en de verborgen strijd van Myanmar,VPWON_1359786,documentaries-series-v0,fallback:A,27,VPRO,Documentaire,Reizen,"Documentaire,Reizen",Na de militaire staatsgreep in Myanmar in 2021 sluiten jongeren zich aan bij het gewapend verzet. Ruben Terlou en Bruce Amende weten door te dringen tot rebellengebied en verschaffen zo een zeldzame b,https://assets-start.npo.nl/resources/2025/10/28/402d22f7-a96e-4935-afc3-0080e0e75a08.jpg,https://assets-start.npo.nl/resources/2025/11/12/6632a4e2-f335-4bb1-ac32-e6407e87700c.png,"{'ageRestriction': None, 'warnings': []}"
fortuyn-on-hollands,Fortuyn: On-Hollands,KN_1717810,documentaries-series-v0,fallback:A,28,KRO-NCRV,Documentaire,Human Interest,"Documentaire,Human Interest",Fortuyn wist begin 2000 met zijn uitspraken over migratie en de islam een breed ongenoegen in de Nederlandse samenleving te vangen én te sturen. Zijn ideeën over de multiculturele samenleving waren co,https://assets-start.npo.nl/resources/2025/10/08/bc48bf36-f68f-4e2a-928e-ae4d0d591346.jpg,https://assets-start.npo.nl/resources/2025/10/09/74a86bda-0303-486f-b69d-b966e299732a.png,"{'ageRestriction': None, 'warnings': []}"
de-jurk-en-het-scheepswrak,De jurk en het scheepswrak,VPWON_1325252,documentaries-series-v0,fallback:A,29,NTR,Documentaire,Kunst/cultuur,"Documentaire,Kunst/cultuur",Documentaireserie over een archeologische vondst die wereldwijd voor veel opwinding zorgt.,https://assets-start.npo.nl/resources/2023/09/27/6e20bb8b-ed51-4ce4-a506-a1de07f9b0a4.jpg,https://assets-start.npo.nl/resources/2025/11/24/bd9b625d-abc3-4c36-bfb3-e68d3dad8887.png,"{'ageRestriction': None, 'warnings': []}"
rocco-sjuul,Rocco & Sjuul,POMS_S_MAX_20307005,films-anonymous-v0,fallback:C,21,MAX,Film,,Film,,,,"{'ageRestriction': None, 'warnings': []}"
peppa-pig,Peppa Pig,POW_05014951,youth-0-6-v0,fallback:A,0,KRO-NCRV,Jeugd,Animatie,"Jeugd,Animatie",Animatieserie met het vrolijke biggetje Peppa in de hoofdrol.,https://assets-start.npo.nl/resources/2026/02/09/b74b3644-df1c-478a-b01a-dc2519a78c07.jpg,https://assets-start.npo.nl/resources/2025/01/28/23a3ca46-9f38-48ca-8c54-96ec5c67d846.png,"{'ageRestriction': None, 'warnings': []}"
yoga-mee-met-roos_1,Yoga mee met Roos,KN_1739158,youth-0-6-v0,fallback:A,1,KRO-NCRV,,,,In deze kinderyoga serie doen kinderen samen met Roos ontspannende yogaoefeningen. Door speelse bewegingen en yoga komen peuters en kleuters (2-6 jaar) weer tot rust. De oefeningen zijn speciaal voor ,https://assets-start.npo.nl/resources/2026/03/13/3a7c1d35-bd5a-4770-b31c-3b23695b4d32.jpg,https://assets-start.npo.nl/resources/2026/03/13/2835acb0-e6f7-41d0-9c71-e4836d29aaef.png,"{'ageRestriction': None, 'warnings': []}"
said-anna,Saïd & Anna,VPWON_1343996,youth-0-6-v0,fallback:A,2,EO,Serie,Drama,"Serie,Drama","Terwijl kapotte spullen worden gerepareerd in de Repairshop van Saïds ouders, weten Saïd (6) en Anna (7) hun eigen 'probleempjes' ook op geheel eigen wijze te fixen.",https://assets-start.npo.nl/resources/2026/01/19/562cb705-c124-4f2c-a8c9-b438efc875a3.jpg,https://assets-start.npo.nl/resources/2025/04/23/013798c1-887d-4970-8fe1-414819a060d5.png,"{'ageRestriction': None, 'warnings': []}"
knutselfeest_1,Knutselfeest,KN_1739133,youth-0-6-v0,fallback:A,3,KRO-NCRV,Jeugd,Amusement,"Jeugd,Amusement",Rosalie gaat samen met kinderen creatief aan de slag met de leukste knutselideeën. Met eenvoudige materialen maken ze stap voor stap de leukste creaties. Elke aflevering staat een nieuw thema centraal,https://assets-start.npo.nl/resources/2026/03/11/6f83b374-4dd8-4e77-b573-e3aa8b330129.jpg,https://assets-start.npo.nl/resources/2026/03/13/194c5c23-6938-417e-8220-b15a8bb3bcb2.png,"{'ageRestriction': None, 'warnings': []}"
geitje-voor-een-karweitje,Geitje voor een karweitje,VPWON_1365505,youth-0-6-v0,fallback:A,4,EO,Jeugd,Human Interest,"Jeugd,Human Interest","Wanneer de kinderen van de Pathmos-wijk in Enschede een klein geitje in de bosjes vinden, zijn ze op slag verliefd. Ze willen het geitje graag stiekem houden, maar bij de verzorging van een beestje ko",https://assets-start.npo.nl/resources/2025/12/12/e5b5545d-16af-4696-a8e1-dd17c1d34afb.jpg,https://assets-start.npo.nl/resources/2025/12/12/11b9b88b-77e6-499e-80d2-8d287d922f09.png,"{'ageRestriction': None, 'warnings': []}"
dans-mee-met-zuzu_1,Dans mee met ZuZu,KN_1739105,youth-0-6-v0,fallback:A,5,KRO-NCRV,,,,Zuzu en Ziggy beleven elke aflevering een vrolijk dansavontuur. Samen stappen ze in een fantasiewereld vol beweging en muziek. Van stoere dino's tot feestelijke paleizen: peuters en kleuters kunnen th,https://assets-start.npo.nl/resources/2026/03/11/46104698-50e0-4986-853d-7c887d7da808.jpg,https://assets-start.npo.nl/resources/2026/03/13/a0f5efa4-7424-4393-8bb6-72c401d3c02e.png,"{'ageRestriction': None, 'warnings': []}"
paw-patrol,Paw Patrol,POW_05803915,youth-0-6-v0,fallback:A,6,AVROTROS,Jeugd,Animatie,"Jeugd,Animatie","Animatieserie over een reddingsteam, bestaande uit twaalf heldhaftige puppy's.",https://assets-start.npo.nl/resources/2025/07/14/e0c57c7b-a85f-4b70-ad15-fae4b86f0d06.jpg,https://assets-start.npo.nl/resources/2025/03/20/9e2b7a23-887a-4431-b81a-4b93ddd1057a.png,"{'ageRestriction': None, 'warnings': []}"
herrie-op-zolder,Herrie op zolder,POW_05939862,youth-0-6-v0,fallback:A,7,AVROTROS,Jeugd,Animatie,"Jeugd,Animatie","Animatieserie over speelgoed dat op zolder woont. Ollie, Titus en de andere speelgoedfiguren gaan op avontuur en leren hoe belangrijk het is om samen te werken.",https://assets-start.npo.nl/resources/2025/12/12/73dcae77-5d74-4d93-a51a-ef4130918266.jpg,https://assets-start.npo.nl/resources/2025/12/12/02c10171-9360-4d3a-b6ef-ebc67a9c7326.png,"{'ageRestriction': None, 'warnings': []}"
nijntje,Nijntje,POW_03438910,youth-0-6-v0,fallback:A,8,KRO-NCRV,Jeugd,Animatie,"Jeugd,Animatie",Animatieserie voor kinderen over Nijntje.,https://assets-start.npo.nl/resources/2025/12/12/a03c7c21-be81-479d-997b-32ca9e227c29.jpg,https://assets-start.npo.nl/resources/2025/12/12/bad91686-8ebc-4425-8df0-e57760ed3446.png,"{'ageRestriction': None, 'warnings': []}"
ezel-chiel,Ezel Chiel,VPWON_1350536,youth-0-6-v0,fallback:A,9,EO,Jeugd,Serie,"Jeugd,Serie","Elke avond voor het slapen gaan vertelt Anne een Bijbelverhaal. Elke keer onderbreekt ezel Chiel haar en vertelt een andere versie van het verhaal, namelijk eentje waarin hij de hoofdrol speelt.",https://assets-start.npo.nl/resources/2026/01/05/dbf24818-4376-4854-b39b-66c7183b26fb.jpg,https://assets-start.npo.nl/resources/2025/04/29/d1739d76-6bdf-4785-bb04-5f0ec5a30409.png,"{'ageRestriction': None, 'warnings': []}"
raad-eens-wat-ik-doe,Raad eens wat ik doe,KN_1732725,youth-0-6-v0,fallback:A,10,KRO-NCRV,Jeugd,Spel/quiz,"Jeugd,Spel/quiz","In de mysterybox zit weer een beroep verstopt. Maar welk beroep is het dit keer? Is het een huisarts, een bouwvakker, een zangeres... of misschien wel iets heel anders? Door vier hints komen we stap v",https://assets-start.npo.nl/resources/2025/12/19/f79cabd9-4ac8-412d-b14b-dd2f21bd0700.jpg,https://assets-start.npo.nl/resources/2024/08/22/396c3d6e-8234-4199-b7bb-bd4d04f860ac.png,"{'ageRestriction': None, 'warnings': []}"
de-cadeaufabriek,De cadeaufabriek,VPWON_1356617,youth-0-6-v0,fallback:A,11,VPRO,Jeugd,Human Interest,"Jeugd,Human Interest","De cadeaufabriek is een te gekke plek: met kleurrijke, mysterieuze machines én kunstenaar Maarten Bel maken kinderen een uniek cadeau voor een belangrijk persoon. Hier gaat het om fantasie, plezier, c",https://assets-start.npo.nl/resources/2025/11/05/41737359-9ed4-4b86-88e4-3a02577bb57b.jpg,https://assets-start.npo.nl/resources/2025/03/10/508fcb72-6016-4fd6-a6fa-5161f348d6e3.png,"{'ageRestriction': None, 'warnings': []}"
het-landje-van-tim,Het landje van Tim,KN_1737650,youth-0-6-v0,fallback:A,12,KRO-NCRV,Jeugd,Natuur,"Jeugd,Natuur",Samen met 2 kinderen van de Buitenbende bouwt Boswachter Tim een droomplek op een verlaten stukje land.,https://assets-start.npo.nl/resources/2026/02/26/015fa972-91a7-4bcf-a114-25dff4b66cb6.jpg,https://assets-start.npo.nl/resources/2025/11/10/ceb46caa-3c75-43f9-b196-515b62f885c5.png,"{'ageRestriction': None, 'warnings': []}"
pol-de-piratenmuis,Pol de Piratenmuis,AT_300019072,youth-0-6-v0,fallback:A,13,AVROTROS,Jeugd,Animatie,"Jeugd,Animatie","Animatieserie over de avonturen van het muisje Pol en haar bemanning, die op zoek gaan naar verloren schatten.",https://assets-start.npo.nl/resources/2025/10/23/de9876c0-93bc-4d73-8389-082b07f810f8.jpg,https://assets-start.npo.nl/resources/2025/10/23/651f9d0a-6870-42c9-81b8-a41b3cdcdb28.png,"{'ageRestriction': None, 'warnings': []}"
zin-in-zappelin,Zin in Zappelin,AT_2121097,youth-0-6-v0,fallback:A,14,AVROTROS,Jeugd,Amusement,"Jeugd,Amusement","De buurtbewoners van Zin in Zappelin weten van elke dag een feestje te maken. De kinderen die op bezoek komen, worden getrakteerd op een spannend voorleesverhaal, leren over dieren of verbazen zich ov",https://assets-start.npo.nl/resources/2026/01/05/f135c154-9e8a-484e-9a36-8f076e754c07.jpg,https://assets-start.npo.nl/resources/2025/02/06/d690597a-e01d-4826-a1ff-f5dc37a17b93.png,"{'ageRestriction': None, 'warnings': []}"
tik-tak,Tik Tak,POW_04184491,youth-0-6-v0,fallback:A,15,KRO-NCRV,Jeugd,Amusement,"Jeugd,Amusement","Remake van de legendarische Vlaamse kleuterserie. De vaste waarden, zoals de spelende kinderen aan tafel, het drinkmannetje en het Tik Tak-huisje zijn behouden, maar er zitten ook nieuwe rubrieken in ",https://assets-start.npo.nl/resources/2024/09/10/a0c94bc0-35ec-4f79-9825-6e83a6de4518.jpg,https://assets-start.npo.nl/resources/2025/02/17/a04d18c7-a04b-4bc6-ae17-ec8257cbb5ad.png,"{'ageRestriction': None, 'warnings': []}"
buurman-en-buurman,Buurman en Buurman,POW_00824308,youth-0-6-v0,fallback:A,16,VPRO,Jeugd,Animatie,"Jeugd,Animatie","Poppenanimatieserie over twee buurmannen die samen allerlei klusjes doen in en rondom het huis. Ze beginnen altijd vol enthousiasme, maar helaas gaan de klussen op één of andere manier altijd de mist ",https://assets-start.npo.nl/resources/2026/03/13/de93c072-ddfe-40ec-8994-ec72aee855df.jpg,https://assets-start.npo.nl/resources/2025/01/28/e3b6d9e1-d260-4ee4-8fb1-3b7aa2c39f95.png,"{'ageRestriction': None, 'warnings': []}"
sesamstraat,Sesamstraat,VPWON_1247335,youth-0-6-v0,fallback:A,17,NTR,Jeugd,Serie,"Jeugd,Serie","De bekendste straat van Nederland! Steeds beleven Pino, Ieniemienie, Purk en Tommie nieuwe avonturen.",https://assets-start.npo.nl/resources/2023/06/30/de674233-b5ba-4dca-955d-1f8cf14dd35d.jpg,https://assets-start.npo.nl/resources/2025/01/22/36d7f429-b6ba-4549-9e10-298a6c3353b2.png,"{'ageRestriction': None, 'warnings': []}"
het-muizenhuis,Het Muizenhuis,AT_300013013,youth-0-6-v0,fallback:A,18,AVROTROS,Jeugd,Animatie,"Jeugd,Animatie","Julia komt van een ver eiland en woont sinds kort in Het Muizenhuis, een groot gebouw vol muizenwoningen. Kleine muis Sam woont ook in het Muizenhuis en helpt zijn nieuwe buurmeisje. De avonturen die ",https://assets-start.npo.nl/resources/2024/02/13/4f8c1e5e-bebb-4ec9-b172-947ad369dbaa.jpg,https://assets-start.npo.nl/resources/2025/05/08/52fd9fed-abd4-4f8a-8865-bdfe28ad5f22.png,"{'ageRestriction': None, 'warnings': []}"
ta-daaa,Ta-daaa!,VPWON_1352179,youth-0-6-v0,fallback:A,19,NTR,Jeugd,Amusement,"Jeugd,Amusement","Programma voor de allerjongste kijkers. Een vrolijk poppenvolkje voert korte scènes op in de poppenkast. Ze doen alledaagse dingen waarin een- tot driejarigen zich herkennen. Ze zingen, maken muziek, ",https://assets-start.npo.nl/resources/2024/11/04/5cdfa49d-6c3f-4f99-b308-5918012559fa.jpg,https://assets-start.npo.nl/resources/2025/04/10/596c276b-5217-4577-aa87-824c1622bc1c.png,"{'ageRestriction': None, 'warnings': []}"
zapp-detective,Zapp detective,KN_1707030,youth-6-12-v0,fallback:A,0,KRO-NCRV,Jeugd,Serie,"Jeugd,Serie",In Zapp detective speuren kijkers mee met de spannende avonturen van bekende zappers en populaire influencers.,https://assets-start.npo.nl/resources/2026/03/20/b13b80fd-904d-42ff-8c33-3a52f33cabdd.jpg,https://assets-start.npo.nl/resources/2024/08/22/97a1b9dc-9eb0-489f-b8ad-7303e095666e.png,"{'ageRestriction': None, 'warnings': []}"
de-eerste-keer_1,De eerste keer,KN_1734719,youth-6-12-v0,fallback:A,1,KRO-NCRV,Jeugd,Serie,"Jeugd,Serie",Wie herinnert zich nou niet die eerste zoen? Vijf kinderen uit compleet verschillende gezinnen maken iedere week hun 'eerste keer' mee. Van de eerste verliefdheid tot eerste middelbare schooldag: het ,https://assets-start.npo.nl/resources/2026/03/23/29225442-921a-48a1-8f85-a3b1910b2863.jpg,https://assets-start.npo.nl/resources/2026/03/13/16fac618-2ba3-4cad-b639-8b16f8d9992a.png,"{'ageRestriction': None, 'warnings': []}"
mollenstreken,Mollenstreken,AT_2155354,youth-6-12-v0,fallback:A,2,AVROTROS,Jeugd,Amusement,"Jeugd,Amusement",Speurneus Lavezzi Rutjes is terug om de Mol te ontmaskeren! In zijn eigen studio bespreekt hij de nieuwste aflevering van Wie is de Mol?. Samen met de jonge kijkers zoekt Lavezzi naar geheime hints en,https://assets-start.npo.nl/resources/2026/02/26/ce2f5ae3-067b-43ad-9aae-089c2f37c3dd.jpg,https://assets-start.npo.nl/resources/2025/03/03/e33ff020-a372-48ac-9b8a-8574fab976f2.png,"{'ageRestriction': None, 'warnings': []}"
rachel-valt-binnen,Rachel valt binnen,VPWON_1316798,youth-6-12-v0,fallback:A,3,EO,Jeugd,Informatief,"Jeugd,Informatief",Rachel Rosier loopt mee op de meest uiteenlopende plekken bij de politie.,https://assets-start.npo.nl/resources/2026/02/02/fe40dd8f-f619-4282-9887-ff963b31359d.jpg,https://assets-start.npo.nl/resources/2025/04/23/4de45db3-e8d0-4ebf-a608-8beaa7f27eb3.png,"{'ageRestriction': None, 'warnings': []}"
winter-break_2,Winter Break,AT_300026884,youth-6-12-v0,fallback:A,4,AVROTROS,Jeugd,Serie,"Jeugd,Serie",Het verliefde stel Sem en Tess denken de perfecte bijbaan voor de winter te hebben gevonden: werken op een snowcamp in Chalet Winter Break! Met een groep tieners vertrekken ze naar Tsjechië. Lukt het ,https://assets-start.npo.nl/resources/2026/02/05/dd36cadd-7f79-432a-8ae1-3ab6693e73dd.jpg,https://assets-start.npo.nl/resources/2026/01/29/387d6fb6-b289-4d5a-b7bf-e5ced2900cea.png,"{'ageRestriction': None, 'warnings': []}"
nos-jeugdjournaal,NOS Jeugdjournaal,NOSJeugdjournaal,youth-6-12-v0,fallback:A,5,NPO Zapp,Informatief,Nieuws/actualiteiten,"Informatief,Nieuws/actualiteiten","Het laatste nieuws uit binnen- en buitenland en het weer, speciaal voor de jonge kijker.",https://assets-start.npo.nl/resources/2023/11/09/ce184677-3c18-406d-b7b3-4e37615ef56a.jpg,https://assets-start.npo.nl/resources/2026/03/16/e1cf614e-ff0c-416c-8cc5-25e9db20722e.png,"{'ageRestriction': None, 'warnings': []}"
brugklas,Brugklas,AT_2035122,youth-6-12-v0,fallback:A,6,AVROTROS,Jeugd,Serie,"Jeugd,Serie","Scripted-realityjeugdserie waarin een vaste groep leerlingen gevolgd wordt tijdens het eerste jaar van de middelbare school. Voor schoolgaande kinderen, met herkenbare en aangrijpende verhalen.",https://assets-start.npo.nl/resources/2025/08/15/c7251f43-387f-4291-bc76-4e7e2716010d.jpg,https://assets-start.npo.nl/resources/2025/08/14/43fdbc4f-eae9-425d-9a94-17f86ff7bc46.png,"{'ageRestriction': None, 'warnings': []}"
hein,Hein,VPWON_1331754,youth-6-12-v0,fallback:A,7,VPRO,Jeugd,Serie,"Jeugd,Serie",Hein kan de doden zien en met ze praten. Deze vriendelijke geesten kunnen geen rust vinden en schakelen Hein in voor hulp. Samen beleven ze allerlei avonturen en Hein leert bijzondere lessen over het ,https://assets-start.npo.nl/resources/2026/01/02/999a3b7b-a70d-4645-a1a9-2931909026c9.jpg,https://assets-start.npo.nl/resources/2026/01/05/681fca82-7e07-478a-ab65-08847ec49c2e.png,"{'ageRestriction': None, 'warnings': []}"
zappsport_1,Zappsport,AT_300025957,youth-6-12-v0,fallback:A,8,AVROTROS,Jeugd,Sport,"Jeugd,Sport","Sportprogramma waarin Britt Dekker, Nathan Rutjes, Nienke van Dijk en Marije Zuurveld de bekendste sporters uitdagen de meest bizarre wensen laten uitkomen.",https://assets-start.npo.nl/resources/2026/03/18/2baedbb5-7153-46d6-be0b-34c30add786b.jpg,https://assets-start.npo.nl/resources/2026/02/12/71270b8d-05d7-4dec-ab2b-700cd3eb1f66.png,"{'ageRestriction': None, 'warnings': []}"
taarten-van-babel,Taarten van Babel,VPWON_1353525,youth-6-12-v0,fallback:A,9,VPRO,Jeugd,Human Interest,"Jeugd,Human Interest","Gepest worden, je moeder uitschelden, je vader in de gevangenis bezoeken, verliefd, eenzaam of anders zijn... Nick Toet en een kind bespreken het leven tijdens het versieren van een reusachtige taart.",https://assets-start.npo.nl/resources/2024/02/01/1ac17553-7a68-4584-bd31-41f40ec7620a.jpg,https://assets-start.npo.nl/resources/2025/03/10/e90e7736-aade-4f27-92a2-6ed7882b5e54.png,"{'ageRestriction': None, 'warnings': []}"
freeks-jungle-school,Freeks Jungle School,BV_101401535,youth-6-12-v0,fallback:A,10,BNNVARA,Jeugd,Natuur,"Jeugd,Natuur",Bioloog Freek Vonk zet de meest bijzondere dieren in de spotlights: dieren die hij is tegengekomen tijdens zijn wilde avonturen over de hele wereld! Vanuit zijn junglehut onderzoekt hij de meest uitee,https://assets-start.npo.nl/resources/2025/08/07/06bd43c0-9228-476e-997d-d754e913f0b2.jpg,https://assets-start.npo.nl/resources/2024/10/30/dcb195f0-ee8f-4a46-b191-09e770d0efcb.png,"{'ageRestriction': None, 'warnings': []}"
vlogmania,Vlogmania,VPWON_1323955,youth-6-12-v0,fallback:A,11,NTR,Jeugd,Amusement,"Jeugd,Amusement",Steeds meer Nederlanders hopen een bekende vlogger te worden. In deze satirische sketchshow voor de hele familie volgen we vloggers op zoek naar de gouden succesformule.,https://assets-start.npo.nl/resources/2024/10/25/765d44f6-c112-4ed0-858b-d70c88ce35c1.jpg,https://assets-start.npo.nl/resources/2025/01/29/d060b345-6dd0-4254-b796-eca97ee36439.png,"{'ageRestriction': None, 'warnings': []}"
binnenvet,Binnenvet,VPWON_1359425,youth-6-12-v0,fallback:A,12,NTR,Jeugd,,Jeugd,"Kleurrijke, absurdistische sketchshow vol situaties die herkenbaar zijn voor zowel kinderen als volwassenen. Van een smoesjesbedrijf tot een ouder-uitlaatveld of een luidruchtige tandenfee.",https://assets-start.npo.nl/resources/2025/12/12/04a07c88-70e5-4fa8-89fc-21d11fae6d26.jpg,https://assets-start.npo.nl/resources/2025/12/19/1435485f-55b3-4ec9-b93c-2883193658b2.png,"{'ageRestriction': None, 'warnings': []}"
de-faker,De Faker,AT_2155909,youth-6-12-v0,fallback:A,13,AVROTROS,Jeugd,Spel/quiz,"Jeugd,Spel/quiz","Op het oog lijkt het een doodgewoon gezin, maar er klopt iets niet. Eén van de gezinsleden is namelijk vervangen door een acteur. De Faker dus! Maar wie dat is? De Faker wordt gespeeld door twee teams",https://assets-start.npo.nl/resources/2025/08/29/ccb0dc6b-2346-4f59-b62a-949eda40fd1a.jpg,https://assets-start.npo.nl/resources/2025/03/03/11de6afe-7450-40b7-834f-8cb9376411a1.png,"{'ageRestriction': None, 'warnings': []}"
de-proefkeuken,De proefkeuken,VPWON_1250529,youth-6-12-v0,fallback:A,14,VPRO,Jeugd,Informatief,"Jeugd,Informatief",Pieter Hulst en Willem Voogd beleven de meest wonderlijke avonturen. Want waarom iets in de winkel kopen als je het ook gewoon zelf kunt maken? En dit alles zonder ingewikkelde machines of grote fabri,https://assets-start.npo.nl/resources/2023/12/12/4f590a42-be4d-4e45-9a3c-3268ce5c5c62.jpg,https://assets-start.npo.nl/resources/2025/03/04/9047fcd2-8c40-4885-b6f1-df06aca95da1.png,"{'ageRestriction': None, 'warnings': []}"
de-regels-van-floor,De regels van Floor,VPWON_1289457,youth-6-12-v0,fallback:A,15,VPRO,Jeugd,Serie,"Jeugd,Serie","In Floors wereld bedenken kinderen, net als volwassenen, hun eigen regels en dat leidt tot verrassende nieuwe inzichten. Deze jeugdserie is gebaseerd op de succesvolle gelijknamige boekenreeks van Mar",https://assets-start.npo.nl/resources/2023/06/30/c111584d-4a88-48ca-8e3b-121f8e0424e8.jpg,https://assets-start.npo.nl/resources/2025/01/21/1562d39d-f4b2-4114-869d-432a4ee67acb.png,"{'ageRestriction': None, 'warnings': []}"
